2026-09-30 18:58:38,983 - INFO - Failed to load SSL library: <class 'OSError'> (no library called "ssl" found)
2026-09-30 18:58:38,986 - INFO - cryptg module not installed and libssl not found, falling back to (slower) Python encryption
2026-09-30 18:58:39,724 - WARNING - NFT katalog avto-sinxronlash xato: unable to open database file
2026-09-30 18:59:41,453 - INFO - Failed to load SSL library: <class 'OSError'> (no library called "ssl" found)
2026-09-30 18:59:41,457 - INFO - cryptg module not installed and libssl not found, falling back to (slower) Python encryption
2026-09-30 18:59:41,929 - WARNING - NFT katalog avto-sinxronlash xato: unable to open database file
2026-09-30 18:59:46,182 - INFO - Bot POLLING rejimida ishga tushdi...
2026-09-30 19:01:38,757 - INFO - Failed to load SSL library: <class 'OSError'> (no library called "ssl" found)
2026-09-30 19:01:38,762 - INFO - cryptg module not installed and libssl not found, falling back to (slower) Python encryption
2026-09-30 19:01:39,263 - WARNING - NFT katalog avto-sinxronlash xato: unable to open database file
2026-09-30 19:01:43,472 - INFO - Bot POLLING rejimida ishga tushdi...
2026-09-30 19:01:43,480 - INFO - Webapp serveri 127.0.0.1:8000 da ishga tushdi
2026-09-30 19:01:43,482 - INFO - Start polling
2026-09-30 19:01:43,613 - INFO - Run polling for bot @test_empire_bot id=8884302733 - 'emp test'
2026-09-30 19:03:15,854 - INFO - Failed to load SSL library: <class 'OSError'> (no library called "ssl" found)
2026-09-30 19:03:15,857 - INFO - cryptg module not installed and libssl not found, falling back to (slower) Python encryption
2026-09-30 19:03:16,387 - WARNING - NFT katalog avto-sinxronlash xato: unable to open database file
2026-09-30 19:03:20,698 - INFO - Bot POLLING rejimida ishga tushdi...
2026-09-30 19:03:20,705 - INFO - Webapp serveri 127.0.0.1:8000 da ishga tushdi
2026-09-30 19:03:20,706 - INFO - Start polling
2026-09-30 19:03:20,906 - INFO - Run polling for bot @test_empire_bot id=8884302733 - 'emp test'
2026-09-30 19:28:00,540 - INFO - Polling stopped
2026-09-30 19:28:00,637 - ERROR - Failed to fetch updates - TelegramNetworkError: HTTP Client says - ServerDisconnectedError: Server disconnected
2026-09-30 19:28:00,641 - WARNING - Sleep for 1.000000 seconds and try again... (tryings = 0, bot id = 8884302733)
2026-09-30 19:28:00,916 - INFO - Polling stopped for bot @test_empire_bot id=8884302733 - 'emp test'
2026-09-30 19:28:22,323 - INFO - Failed to load SSL library: <class 'OSError'> (no library called "ssl" found)
2026-09-30 19:28:22,325 - INFO - cryptg module not installed and libssl not found, falling back to (slower) Python encryption
2026-09-30 19:28:22,958 - WARNING - NFT katalog avto-sinxronlash xato: unable to open database file
2026-09-30 19:28:27,553 - INFO - Bot POLLING rejimida ishga tushdi...
2026-09-30 19:28:27,556 - INFO - Webapp serveri 127.0.0.1:8000 da ishga tushdi
2026-09-30 19:28:27,558 - INFO - Start polling
2026-09-30 19:28:27,695 - INFO - Run polling for bot @test_empire_bot id=8884302733 - 'emp test'
2026-09-30 19:30:52,112 - INFO - RECEIVED MESSAGE: /start from 8765051736 in chat 8765051736
2026-09-30 19:30:53,228 - INFO - Update id=370589481 is handled. Duration 1125 ms by bot id=8884302733
2026-09-30 19:30:57,818 - INFO - Update id=370589482 is handled. Duration 531 ms by bot id=8884302733
2026-09-30 19:33:49,622 - ERROR - Failed to fetch updates - TelegramNetworkError: HTTP Client says - ClientOSError: [WinError 121] Превышен таймаут семафора
2026-09-30 19:33:49,629 - WARNING - Sleep for 1.000000 seconds and try again... (tryings = 0, bot id = 8884302733)
2026-09-30 19:34:01,332 - INFO - Connection established (tryings = 1, bot id = 8884302733)
2026-09-30 19:36:45,305 - INFO - RECEIVED MESSAGE: /start from 6913838682 in chat 6913838682
2026-09-30 19:36:46,105 - INFO - Update id=370589483 is handled. Duration 813 ms by bot id=8884302733
2026-09-30 19:36:49,276 - INFO - Update id=370589484 is handled. Duration 609 ms by bot id=8884302733
2026-09-30 19:37:04,741 - INFO - RECEIVED MESSAGE: /profile from 6913838682 in chat 6913838682
2026-09-30 19:37:04,754 - INFO - Update id=370589485 is not handled. Duration 14 ms by bot id=8884302733
2026-09-30 19:37:04,756 - ERROR - Cause exception while process update id=370589485 by bot id=8884302733
AttributeError: module 'utils.others' has no attribute 'get_profile'
Traceback (most recent call last):
  File "D:\Python\eski_versiya\Lib\site-packages\aiogram\dispatcher\dispatcher.py", line 309, in _process_update
    response = await self.feed_update(bot, update, **kwargs)
               ^^^^^^^^^^^^^^^^^^^^^^^^^^^^^^^^^^^^^^^^^^^^^
  File "D:\Python\eski_versiya\Lib\site-packages\aiogram\dispatcher\dispatcher.py", line 158, in feed_update
    response = await self.update.wrap_outer_middleware(
               ^^^^^^^^^^^^^^^^^^^^^^^^^^^^^^^^^^^^^^^^
  File "D:\Python\eski_versiya\Lib\site-packages\aiogram\dispatcher\middlewares\error.py", line 25, in __call__
    return await handler(event, data)
           ^^^^^^^^^^^^^^^^^^^^^^^^^^
  File "D:\Python\eski_versiya\Lib\site-packages\aiogram\dispatcher\middlewares\user_context.py", line 56, in __call__
    return await handler(event, data)
           ^^^^^^^^^^^^^^^^^^^^^^^^^^
  File "D:\Python\eski_versiya\Lib\site-packages\aiogram\fsm\middleware.py", line 42, in __call__
    return await handler(event, data)
           ^^^^^^^^^^^^^^^^^^^^^^^^^^
  File "D:\Python\eski_versiya\Lib\site-packages\aiogram\dispatcher\event\telegram.py", line 121, in trigger
    return await wrapped_inner(event, kwargs)
           ^^^^^^^^^^^^^^^^^^^^^^^^^^^^^^^^^^
  File "D:\Python\eski_versiya\Lib\site-packages\aiogram\dispatcher\event\handler.py", line 43, in call
    return await wrapped()
           ^^^^^^^^^^^^^^^
  File "D:\Python\eski_versiya\Lib\site-packages\aiogram\dispatcher\dispatcher.py", line 276, in _listen_update
    return await self.propagate_event(update_type=update_type, event=event, **kwargs)
           ^^^^^^^^^^^^^^^^^^^^^^^^^^^^^^^^^^^^^^^^^^^^^^^^^^^^^^^^^^^^^^^^^^^^^^^^^^
  File "D:\Python\eski_versiya\Lib\site-packages\aiogram\dispatcher\router.py", line 146, in propagate_event
    return await observer.wrap_outer_middleware(_wrapped, event=event, data=kwargs)
           ^^^^^^^^^^^^^^^^^^^^^^^^^^^^^^^^^^^^^^^^^^^^^^^^^^^^^^^^^^^^^^^^^^^^^^^^
  File "D:\Empire_Turon_maf_Bot\emp_bot\Empire\bot.py", line 75, in log_all_messages
    return await handler(event, data)
           ^^^^^^^^^^^^^^^^^^^^^^^^^^
  File "D:\Python\eski_versiya\Lib\site-packages\aiogram\dispatcher\router.py", line 141, in _wrapped
    return await self._propagate_event(
           ^^^^^^^^^^^^^^^^^^^^^^^^^^^^
  File "D:\Python\eski_versiya\Lib\site-packages\aiogram\dispatcher\router.py", line 174, in _propagate_event
    response = await router.propagate_event(update_type=update_type, event=event, **kwargs)
               ^^^^^^^^^^^^^^^^^^^^^^^^^^^^^^^^^^^^^^^^^^^^^^^^^^^^^^^^^^^^^^^^^^^^^^^^^^^^
  File "D:\Python\eski_versiya\Lib\site-packages\aiogram\dispatcher\router.py", line 146, in propagate_event
    return await observer.wrap_outer_middleware(_wrapped, event=event, data=kwargs)
           ^^^^^^^^^^^^^^^^^^^^^^^^^^^^^^^^^^^^^^^^^^^^^^^^^^^^^^^^^^^^^^^^^^^^^^^^
  File "D:\Python\eski_versiya\Lib\site-packages\aiogram\dispatcher\router.py", line 141, in _wrapped
    return await self._propagate_event(
           ^^^^^^^^^^^^^^^^^^^^^^^^^^^^
  File "D:\Python\eski_versiya\Lib\site-packages\aiogram\dispatcher\router.py", line 174, in _propagate_event
    response = await router.propagate_event(update_type=update_type, event=event, **kwargs)
               ^^^^^^^^^^^^^^^^^^^^^^^^^^^^^^^^^^^^^^^^^^^^^^^^^^^^^^^^^^^^^^^^^^^^^^^^^^^^
  File "D:\Python\eski_versiya\Lib\site-packages\aiogram\dispatcher\router.py", line 146, in propagate_event
    return await observer.wrap_outer_middleware(_wrapped, event=event, data=kwargs)
           ^^^^^^^^^^^^^^^^^^^^^^^^^^^^^^^^^^^^^^^^^^^^^^^^^^^^^^^^^^^^^^^^^^^^^^^^
  File "D:\Python\eski_versiya\Lib\site-packages\aiogram\dispatcher\router.py", line 141, in _wrapped
    return await self._propagate_event(
           ^^^^^^^^^^^^^^^^^^^^^^^^^^^^
  File "D:\Python\eski_versiya\Lib\site-packages\aiogram\dispatcher\router.py", line 166, in _propagate_event
    response = await observer.trigger(event, **kwargs)
               ^^^^^^^^^^^^^^^^^^^^^^^^^^^^^^^^^^^^^^^
  File "D:\Python\eski_versiya\Lib\site-packages\aiogram\dispatcher\event\telegram.py", line 121, in trigger
    return await wrapped_inner(event, kwargs)
           ^^^^^^^^^^^^^^^^^^^^^^^^^^^^^^^^^^
  File "D:\Empire_Turon_maf_Bot\emp_bot\Empire\middlewares\floot.py", line 93, in __call__
    return await handler(event, data)
           ^^^^^^^^^^^^^^^^^^^^^^^^^^
  File "D:\Empire_Turon_maf_Bot\emp_bot\Empire\middlewares\manager.py", line 250, in __call__
    return await handler(event, data)
           ^^^^^^^^^^^^^^^^^^^^^^^^^^
  File "D:\Python\eski_versiya\Lib\site-packages\aiogram\dispatcher\event\handler.py", line 43, in call
    return await wrapped()
           ^^^^^^^^^^^^^^^
  File "D:\Empire_Turon_maf_Bot\emp_bot\Empire\handlers\other_handlers.py", line 75, in f
    await others.get_profile(bot, message)
          ^^^^^^^^^^^^^^^^^^
AttributeError: module 'utils.others' has no attribute 'get_profile'
2026-09-30 19:37:08,243 - INFO - RECEIVED MESSAGE: /profile from 6913838682 in chat 6913838682
2026-09-30 19:37:08,248 - INFO - Update id=370589486 is not handled. Duration 14 ms by bot id=8884302733
2026-09-30 19:37:08,249 - ERROR - Cause exception while process update id=370589486 by bot id=8884302733
AttributeError: module 'utils.others' has no attribute 'get_profile'
Traceback (most recent call last):
  File "D:\Python\eski_versiya\Lib\site-packages\aiogram\dispatcher\dispatcher.py", line 309, in _process_update
    response = await self.feed_update(bot, update, **kwargs)
               ^^^^^^^^^^^^^^^^^^^^^^^^^^^^^^^^^^^^^^^^^^^^^
  File "D:\Python\eski_versiya\Lib\site-packages\aiogram\dispatcher\dispatcher.py", line 158, in feed_update
    response = await self.update.wrap_outer_middleware(
               ^^^^^^^^^^^^^^^^^^^^^^^^^^^^^^^^^^^^^^^^
  File "D:\Python\eski_versiya\Lib\site-packages\aiogram\dispatcher\middlewares\error.py", line 25, in __call__
    return await handler(event, data)
           ^^^^^^^^^^^^^^^^^^^^^^^^^^
  File "D:\Python\eski_versiya\Lib\site-packages\aiogram\dispatcher\middlewares\user_context.py", line 56, in __call__
    return await handler(event, data)
           ^^^^^^^^^^^^^^^^^^^^^^^^^^
  File "D:\Python\eski_versiya\Lib\site-packages\aiogram\fsm\middleware.py", line 42, in __call__
    return await handler(event, data)
           ^^^^^^^^^^^^^^^^^^^^^^^^^^
  File "D:\Python\eski_versiya\Lib\site-packages\aiogram\dispatcher\event\telegram.py", line 121, in trigger
    return await wrapped_inner(event, kwargs)
           ^^^^^^^^^^^^^^^^^^^^^^^^^^^^^^^^^^
  File "D:\Python\eski_versiya\Lib\site-packages\aiogram\dispatcher\event\handler.py", line 43, in call
    return await wrapped()
           ^^^^^^^^^^^^^^^
  File "D:\Python\eski_versiya\Lib\site-packages\aiogram\dispatcher\dispatcher.py", line 276, in _listen_update
    return await self.propagate_event(update_type=update_type, event=event, **kwargs)
           ^^^^^^^^^^^^^^^^^^^^^^^^^^^^^^^^^^^^^^^^^^^^^^^^^^^^^^^^^^^^^^^^^^^^^^^^^^
  File "D:\Python\eski_versiya\Lib\site-packages\aiogram\dispatcher\router.py", line 146, in propagate_event
    return await observer.wrap_outer_middleware(_wrapped, event=event, data=kwargs)
           ^^^^^^^^^^^^^^^^^^^^^^^^^^^^^^^^^^^^^^^^^^^^^^^^^^^^^^^^^^^^^^^^^^^^^^^^
  File "D:\Empire_Turon_maf_Bot\emp_bot\Empire\bot.py", line 75, in log_all_messages
    return await handler(event, data)
           ^^^^^^^^^^^^^^^^^^^^^^^^^^
  File "D:\Python\eski_versiya\Lib\site-packages\aiogram\dispatcher\router.py", line 141, in _wrapped
    return await self._propagate_event(
           ^^^^^^^^^^^^^^^^^^^^^^^^^^^^
  File "D:\Python\eski_versiya\Lib\site-packages\aiogram\dispatcher\router.py", line 174, in _propagate_event
    response = await router.propagate_event(update_type=update_type, event=event, **kwargs)
               ^^^^^^^^^^^^^^^^^^^^^^^^^^^^^^^^^^^^^^^^^^^^^^^^^^^^^^^^^^^^^^^^^^^^^^^^^^^^
  File "D:\Python\eski_versiya\Lib\site-packages\aiogram\dispatcher\router.py", line 146, in propagate_event
    return await observer.wrap_outer_middleware(_wrapped, event=event, data=kwargs)
           ^^^^^^^^^^^^^^^^^^^^^^^^^^^^^^^^^^^^^^^^^^^^^^^^^^^^^^^^^^^^^^^^^^^^^^^^
  File "D:\Python\eski_versiya\Lib\site-packages\aiogram\dispatcher\router.py", line 141, in _wrapped
    return await self._propagate_event(
           ^^^^^^^^^^^^^^^^^^^^^^^^^^^^
  File "D:\Python\eski_versiya\Lib\site-packages\aiogram\dispatcher\router.py", line 174, in _propagate_event
    response = await router.propagate_event(update_type=update_type, event=event, **kwargs)
               ^^^^^^^^^^^^^^^^^^^^^^^^^^^^^^^^^^^^^^^^^^^^^^^^^^^^^^^^^^^^^^^^^^^^^^^^^^^^
  File "D:\Python\eski_versiya\Lib\site-packages\aiogram\dispatcher\router.py", line 146, in propagate_event
    return await observer.wrap_outer_middleware(_wrapped, event=event, data=kwargs)
           ^^^^^^^^^^^^^^^^^^^^^^^^^^^^^^^^^^^^^^^^^^^^^^^^^^^^^^^^^^^^^^^^^^^^^^^^
  File "D:\Python\eski_versiya\Lib\site-packages\aiogram\dispatcher\router.py", line 141, in _wrapped
    return await self._propagate_event(
           ^^^^^^^^^^^^^^^^^^^^^^^^^^^^
  File "D:\Python\eski_versiya\Lib\site-packages\aiogram\dispatcher\router.py", line 166, in _propagate_event
    response = await observer.trigger(event, **kwargs)
               ^^^^^^^^^^^^^^^^^^^^^^^^^^^^^^^^^^^^^^^
  File "D:\Python\eski_versiya\Lib\site-packages\aiogram\dispatcher\event\telegram.py", line 121, in trigger
    return await wrapped_inner(event, kwargs)
           ^^^^^^^^^^^^^^^^^^^^^^^^^^^^^^^^^^
  File "D:\Empire_Turon_maf_Bot\emp_bot\Empire\middlewares\floot.py", line 93, in __call__
    return await handler(event, data)
           ^^^^^^^^^^^^^^^^^^^^^^^^^^
  File "D:\Empire_Turon_maf_Bot\emp_bot\Empire\middlewares\manager.py", line 250, in __call__
    return await handler(event, data)
           ^^^^^^^^^^^^^^^^^^^^^^^^^^
  File "D:\Python\eski_versiya\Lib\site-packages\aiogram\dispatcher\event\handler.py", line 43, in call
    return await wrapped()
           ^^^^^^^^^^^^^^^
  File "D:\Empire_Turon_maf_Bot\emp_bot\Empire\handlers\other_handlers.py", line 75, in f
    await others.get_profile(bot, message)
          ^^^^^^^^^^^^^^^^^^
AttributeError: module 'utils.others' has no attribute 'get_profile'
2026-09-30 19:37:09,231 - INFO - RECEIVED MESSAGE: /start from 6913838682 in chat 6913838682
2026-09-30 19:37:09,401 - INFO - Update id=370589487 is handled. Duration 171 ms by bot id=8884302733
2026-09-30 19:37:17,970 - INFO - RECEIVED MESSAGE: /profile from 6913838682 in chat 6913838682
2026-09-30 19:37:17,976 - INFO - Update id=370589488 is not handled. Duration 0 ms by bot id=8884302733
2026-09-30 19:37:17,978 - ERROR - Cause exception while process update id=370589488 by bot id=8884302733
AttributeError: module 'utils.others' has no attribute 'get_profile'
Traceback (most recent call last):
  File "D:\Python\eski_versiya\Lib\site-packages\aiogram\dispatcher\dispatcher.py", line 309, in _process_update
    response = await self.feed_update(bot, update, **kwargs)
               ^^^^^^^^^^^^^^^^^^^^^^^^^^^^^^^^^^^^^^^^^^^^^
  File "D:\Python\eski_versiya\Lib\site-packages\aiogram\dispatcher\dispatcher.py", line 158, in feed_update
    response = await self.update.wrap_outer_middleware(
               ^^^^^^^^^^^^^^^^^^^^^^^^^^^^^^^^^^^^^^^^
  File "D:\Python\eski_versiya\Lib\site-packages\aiogram\dispatcher\middlewares\error.py", line 25, in __call__
    return await handler(event, data)
           ^^^^^^^^^^^^^^^^^^^^^^^^^^
  File "D:\Python\eski_versiya\Lib\site-packages\aiogram\dispatcher\middlewares\user_context.py", line 56, in __call__
    return await handler(event, data)
           ^^^^^^^^^^^^^^^^^^^^^^^^^^
  File "D:\Python\eski_versiya\Lib\site-packages\aiogram\fsm\middleware.py", line 42, in __call__
    return await handler(event, data)
           ^^^^^^^^^^^^^^^^^^^^^^^^^^
  File "D:\Python\eski_versiya\Lib\site-packages\aiogram\dispatcher\event\telegram.py", line 121, in trigger
    return await wrapped_inner(event, kwargs)
           ^^^^^^^^^^^^^^^^^^^^^^^^^^^^^^^^^^
  File "D:\Python\eski_versiya\Lib\site-packages\aiogram\dispatcher\event\handler.py", line 43, in call
    return await wrapped()
           ^^^^^^^^^^^^^^^
  File "D:\Python\eski_versiya\Lib\site-packages\aiogram\dispatcher\dispatcher.py", line 276, in _listen_update
    return await self.propagate_event(update_type=update_type, event=event, **kwargs)
           ^^^^^^^^^^^^^^^^^^^^^^^^^^^^^^^^^^^^^^^^^^^^^^^^^^^^^^^^^^^^^^^^^^^^^^^^^^
  File "D:\Python\eski_versiya\Lib\site-packages\aiogram\dispatcher\router.py", line 146, in propagate_event
    return await observer.wrap_outer_middleware(_wrapped, event=event, data=kwargs)
           ^^^^^^^^^^^^^^^^^^^^^^^^^^^^^^^^^^^^^^^^^^^^^^^^^^^^^^^^^^^^^^^^^^^^^^^^
  File "D:\Empire_Turon_maf_Bot\emp_bot\Empire\bot.py", line 75, in log_all_messages
    return await handler(event, data)
           ^^^^^^^^^^^^^^^^^^^^^^^^^^
  File "D:\Python\eski_versiya\Lib\site-packages\aiogram\dispatcher\router.py", line 141, in _wrapped
    return await self._propagate_event(
           ^^^^^^^^^^^^^^^^^^^^^^^^^^^^
  File "D:\Python\eski_versiya\Lib\site-packages\aiogram\dispatcher\router.py", line 174, in _propagate_event
    response = await router.propagate_event(update_type=update_type, event=event, **kwargs)
               ^^^^^^^^^^^^^^^^^^^^^^^^^^^^^^^^^^^^^^^^^^^^^^^^^^^^^^^^^^^^^^^^^^^^^^^^^^^^
  File "D:\Python\eski_versiya\Lib\site-packages\aiogram\dispatcher\router.py", line 146, in propagate_event
    return await observer.wrap_outer_middleware(_wrapped, event=event, data=kwargs)
           ^^^^^^^^^^^^^^^^^^^^^^^^^^^^^^^^^^^^^^^^^^^^^^^^^^^^^^^^^^^^^^^^^^^^^^^^
  File "D:\Python\eski_versiya\Lib\site-packages\aiogram\dispatcher\router.py", line 141, in _wrapped
    return await self._propagate_event(
           ^^^^^^^^^^^^^^^^^^^^^^^^^^^^
  File "D:\Python\eski_versiya\Lib\site-packages\aiogram\dispatcher\router.py", line 174, in _propagate_event
    response = await router.propagate_event(update_type=update_type, event=event, **kwargs)
               ^^^^^^^^^^^^^^^^^^^^^^^^^^^^^^^^^^^^^^^^^^^^^^^^^^^^^^^^^^^^^^^^^^^^^^^^^^^^
  File "D:\Python\eski_versiya\Lib\site-packages\aiogram\dispatcher\router.py", line 146, in propagate_event
    return await observer.wrap_outer_middleware(_wrapped, event=event, data=kwargs)
           ^^^^^^^^^^^^^^^^^^^^^^^^^^^^^^^^^^^^^^^^^^^^^^^^^^^^^^^^^^^^^^^^^^^^^^^^
  File "D:\Python\eski_versiya\Lib\site-packages\aiogram\dispatcher\router.py", line 141, in _wrapped
    return await self._propagate_event(
           ^^^^^^^^^^^^^^^^^^^^^^^^^^^^
  File "D:\Python\eski_versiya\Lib\site-packages\aiogram\dispatcher\router.py", line 166, in _propagate_event
    response = await observer.trigger(event, **kwargs)
               ^^^^^^^^^^^^^^^^^^^^^^^^^^^^^^^^^^^^^^^
  File "D:\Python\eski_versiya\Lib\site-packages\aiogram\dispatcher\event\telegram.py", line 121, in trigger
    return await wrapped_inner(event, kwargs)
           ^^^^^^^^^^^^^^^^^^^^^^^^^^^^^^^^^^
  File "D:\Empire_Turon_maf_Bot\emp_bot\Empire\middlewares\floot.py", line 93, in __call__
    return await handler(event, data)
           ^^^^^^^^^^^^^^^^^^^^^^^^^^
  File "D:\Empire_Turon_maf_Bot\emp_bot\Empire\middlewares\manager.py", line 250, in __call__
    return await handler(event, data)
           ^^^^^^^^^^^^^^^^^^^^^^^^^^
  File "D:\Python\eski_versiya\Lib\site-packages\aiogram\dispatcher\event\handler.py", line 43, in call
    return await wrapped()
           ^^^^^^^^^^^^^^^
  File "D:\Empire_Turon_maf_Bot\emp_bot\Empire\handlers\other_handlers.py", line 75, in f
    await others.get_profile(bot, message)
          ^^^^^^^^^^^^^^^^^^
AttributeError: module 'utils.others' has no attribute 'get_profile'
2026-09-30 19:37:19,622 - INFO - RECEIVED MESSAGE: /roles from 6913838682 in chat 6913838682
2026-09-30 19:37:19,629 - INFO - Update id=370589489 is not handled. Duration 0 ms by bot id=8884302733
2026-09-30 19:37:19,632 - ERROR - Cause exception while process update id=370589489 by bot id=8884302733
AttributeError: module 'utils.others' has no attribute 'get_roles_text'
Traceback (most recent call last):
  File "D:\Python\eski_versiya\Lib\site-packages\aiogram\dispatcher\dispatcher.py", line 309, in _process_update
    response = await self.feed_update(bot, update, **kwargs)
               ^^^^^^^^^^^^^^^^^^^^^^^^^^^^^^^^^^^^^^^^^^^^^
  File "D:\Python\eski_versiya\Lib\site-packages\aiogram\dispatcher\dispatcher.py", line 158, in feed_update
    response = await self.update.wrap_outer_middleware(
               ^^^^^^^^^^^^^^^^^^^^^^^^^^^^^^^^^^^^^^^^
  File "D:\Python\eski_versiya\Lib\site-packages\aiogram\dispatcher\middlewares\error.py", line 25, in __call__
    return await handler(event, data)
           ^^^^^^^^^^^^^^^^^^^^^^^^^^
  File "D:\Python\eski_versiya\Lib\site-packages\aiogram\dispatcher\middlewares\user_context.py", line 56, in __call__
    return await handler(event, data)
           ^^^^^^^^^^^^^^^^^^^^^^^^^^
  File "D:\Python\eski_versiya\Lib\site-packages\aiogram\fsm\middleware.py", line 42, in __call__
    return await handler(event, data)
           ^^^^^^^^^^^^^^^^^^^^^^^^^^
  File "D:\Python\eski_versiya\Lib\site-packages\aiogram\dispatcher\event\telegram.py", line 121, in trigger
    return await wrapped_inner(event, kwargs)
           ^^^^^^^^^^^^^^^^^^^^^^^^^^^^^^^^^^
  File "D:\Python\eski_versiya\Lib\site-packages\aiogram\dispatcher\event\handler.py", line 43, in call
    return await wrapped()
           ^^^^^^^^^^^^^^^
  File "D:\Python\eski_versiya\Lib\site-packages\aiogram\dispatcher\dispatcher.py", line 276, in _listen_update
    return await self.propagate_event(update_type=update_type, event=event, **kwargs)
           ^^^^^^^^^^^^^^^^^^^^^^^^^^^^^^^^^^^^^^^^^^^^^^^^^^^^^^^^^^^^^^^^^^^^^^^^^^
  File "D:\Python\eski_versiya\Lib\site-packages\aiogram\dispatcher\router.py", line 146, in propagate_event
    return await observer.wrap_outer_middleware(_wrapped, event=event, data=kwargs)
           ^^^^^^^^^^^^^^^^^^^^^^^^^^^^^^^^^^^^^^^^^^^^^^^^^^^^^^^^^^^^^^^^^^^^^^^^
  File "D:\Empire_Turon_maf_Bot\emp_bot\Empire\bot.py", line 75, in log_all_messages
    return await handler(event, data)
           ^^^^^^^^^^^^^^^^^^^^^^^^^^
  File "D:\Python\eski_versiya\Lib\site-packages\aiogram\dispatcher\router.py", line 141, in _wrapped
    return await self._propagate_event(
           ^^^^^^^^^^^^^^^^^^^^^^^^^^^^
  File "D:\Python\eski_versiya\Lib\site-packages\aiogram\dispatcher\router.py", line 174, in _propagate_event
    response = await router.propagate_event(update_type=update_type, event=event, **kwargs)
               ^^^^^^^^^^^^^^^^^^^^^^^^^^^^^^^^^^^^^^^^^^^^^^^^^^^^^^^^^^^^^^^^^^^^^^^^^^^^
  File "D:\Python\eski_versiya\Lib\site-packages\aiogram\dispatcher\router.py", line 146, in propagate_event
    return await observer.wrap_outer_middleware(_wrapped, event=event, data=kwargs)
           ^^^^^^^^^^^^^^^^^^^^^^^^^^^^^^^^^^^^^^^^^^^^^^^^^^^^^^^^^^^^^^^^^^^^^^^^
  File "D:\Python\eski_versiya\Lib\site-packages\aiogram\dispatcher\router.py", line 141, in _wrapped
    return await self._propagate_event(
           ^^^^^^^^^^^^^^^^^^^^^^^^^^^^
  File "D:\Python\eski_versiya\Lib\site-packages\aiogram\dispatcher\router.py", line 174, in _propagate_event
    response = await router.propagate_event(update_type=update_type, event=event, **kwargs)
               ^^^^^^^^^^^^^^^^^^^^^^^^^^^^^^^^^^^^^^^^^^^^^^^^^^^^^^^^^^^^^^^^^^^^^^^^^^^^
  File "D:\Python\eski_versiya\Lib\site-packages\aiogram\dispatcher\router.py", line 146, in propagate_event
    return await observer.wrap_outer_middleware(_wrapped, event=event, data=kwargs)
           ^^^^^^^^^^^^^^^^^^^^^^^^^^^^^^^^^^^^^^^^^^^^^^^^^^^^^^^^^^^^^^^^^^^^^^^^
  File "D:\Python\eski_versiya\Lib\site-packages\aiogram\dispatcher\router.py", line 141, in _wrapped
    return await self._propagate_event(
           ^^^^^^^^^^^^^^^^^^^^^^^^^^^^
  File "D:\Python\eski_versiya\Lib\site-packages\aiogram\dispatcher\router.py", line 166, in _propagate_event
    response = await observer.trigger(event, **kwargs)
               ^^^^^^^^^^^^^^^^^^^^^^^^^^^^^^^^^^^^^^^
  File "D:\Python\eski_versiya\Lib\site-packages\aiogram\dispatcher\event\telegram.py", line 121, in trigger
    return await wrapped_inner(event, kwargs)
           ^^^^^^^^^^^^^^^^^^^^^^^^^^^^^^^^^^
  File "D:\Empire_Turon_maf_Bot\emp_bot\Empire\middlewares\floot.py", line 93, in __call__
    return await handler(event, data)
           ^^^^^^^^^^^^^^^^^^^^^^^^^^
  File "D:\Empire_Turon_maf_Bot\emp_bot\Empire\middlewares\manager.py", line 250, in __call__
    return await handler(event, data)
           ^^^^^^^^^^^^^^^^^^^^^^^^^^
  File "D:\Python\eski_versiya\Lib\site-packages\aiogram\dispatcher\event\handler.py", line 43, in call
    return await wrapped()
           ^^^^^^^^^^^^^^^
  File "D:\Empire_Turon_maf_Bot\emp_bot\Empire\handlers\other_handlers.py", line 230, in f
    await others.get_roles_text(message)
          ^^^^^^^^^^^^^^^^^^^^^
AttributeError: module 'utils.others' has no attribute 'get_roles_text'
2026-09-30 19:37:32,538 - INFO - RECEIVED MESSAGE: /zapravka1 from 6913838682 in chat 6913838682
2026-09-30 19:37:32,651 - INFO - Update id=370589490 is not handled. Duration 125 ms by bot id=8884302733
2026-09-30 19:37:32,652 - ERROR - Cause exception while process update id=370589490 by bot id=8884302733
AttributeError: 'NoneType' object has no attribute 'diamond'
Traceback (most recent call last):
  File "D:\Python\eski_versiya\Lib\site-packages\aiogram\dispatcher\dispatcher.py", line 309, in _process_update
    response = await self.feed_update(bot, update, **kwargs)
               ^^^^^^^^^^^^^^^^^^^^^^^^^^^^^^^^^^^^^^^^^^^^^
  File "D:\Python\eski_versiya\Lib\site-packages\aiogram\dispatcher\dispatcher.py", line 158, in feed_update
    response = await self.update.wrap_outer_middleware(
               ^^^^^^^^^^^^^^^^^^^^^^^^^^^^^^^^^^^^^^^^
  File "D:\Python\eski_versiya\Lib\site-packages\aiogram\dispatcher\middlewares\error.py", line 25, in __call__
    return await handler(event, data)
           ^^^^^^^^^^^^^^^^^^^^^^^^^^
  File "D:\Python\eski_versiya\Lib\site-packages\aiogram\dispatcher\middlewares\user_context.py", line 56, in __call__
    return await handler(event, data)
           ^^^^^^^^^^^^^^^^^^^^^^^^^^
  File "D:\Python\eski_versiya\Lib\site-packages\aiogram\fsm\middleware.py", line 42, in __call__
    return await handler(event, data)
           ^^^^^^^^^^^^^^^^^^^^^^^^^^
  File "D:\Python\eski_versiya\Lib\site-packages\aiogram\dispatcher\event\telegram.py", line 121, in trigger
    return await wrapped_inner(event, kwargs)
           ^^^^^^^^^^^^^^^^^^^^^^^^^^^^^^^^^^
  File "D:\Python\eski_versiya\Lib\site-packages\aiogram\dispatcher\event\handler.py", line 43, in call
    return await wrapped()
           ^^^^^^^^^^^^^^^
  File "D:\Python\eski_versiya\Lib\site-packages\aiogram\dispatcher\dispatcher.py", line 276, in _listen_update
    return await self.propagate_event(update_type=update_type, event=event, **kwargs)
           ^^^^^^^^^^^^^^^^^^^^^^^^^^^^^^^^^^^^^^^^^^^^^^^^^^^^^^^^^^^^^^^^^^^^^^^^^^
  File "D:\Python\eski_versiya\Lib\site-packages\aiogram\dispatcher\router.py", line 146, in propagate_event
    return await observer.wrap_outer_middleware(_wrapped, event=event, data=kwargs)
           ^^^^^^^^^^^^^^^^^^^^^^^^^^^^^^^^^^^^^^^^^^^^^^^^^^^^^^^^^^^^^^^^^^^^^^^^
  File "D:\Empire_Turon_maf_Bot\emp_bot\Empire\bot.py", line 75, in log_all_messages
    return await handler(event, data)
           ^^^^^^^^^^^^^^^^^^^^^^^^^^
  File "D:\Python\eski_versiya\Lib\site-packages\aiogram\dispatcher\router.py", line 141, in _wrapped
    return await self._propagate_event(
           ^^^^^^^^^^^^^^^^^^^^^^^^^^^^
  File "D:\Python\eski_versiya\Lib\site-packages\aiogram\dispatcher\router.py", line 174, in _propagate_event
    response = await router.propagate_event(update_type=update_type, event=event, **kwargs)
               ^^^^^^^^^^^^^^^^^^^^^^^^^^^^^^^^^^^^^^^^^^^^^^^^^^^^^^^^^^^^^^^^^^^^^^^^^^^^
  File "D:\Python\eski_versiya\Lib\site-packages\aiogram\dispatcher\router.py", line 146, in propagate_event
    return await observer.wrap_outer_middleware(_wrapped, event=event, data=kwargs)
           ^^^^^^^^^^^^^^^^^^^^^^^^^^^^^^^^^^^^^^^^^^^^^^^^^^^^^^^^^^^^^^^^^^^^^^^^
  File "D:\Python\eski_versiya\Lib\site-packages\aiogram\dispatcher\router.py", line 141, in _wrapped
    return await self._propagate_event(
           ^^^^^^^^^^^^^^^^^^^^^^^^^^^^
  File "D:\Python\eski_versiya\Lib\site-packages\aiogram\dispatcher\router.py", line 174, in _propagate_event
    response = await router.propagate_event(update_type=update_type, event=event, **kwargs)
               ^^^^^^^^^^^^^^^^^^^^^^^^^^^^^^^^^^^^^^^^^^^^^^^^^^^^^^^^^^^^^^^^^^^^^^^^^^^^
  File "D:\Python\eski_versiya\Lib\site-packages\aiogram\dispatcher\router.py", line 146, in propagate_event
    return await observer.wrap_outer_middleware(_wrapped, event=event, data=kwargs)
           ^^^^^^^^^^^^^^^^^^^^^^^^^^^^^^^^^^^^^^^^^^^^^^^^^^^^^^^^^^^^^^^^^^^^^^^^
  File "D:\Python\eski_versiya\Lib\site-packages\aiogram\dispatcher\router.py", line 141, in _wrapped
    return await self._propagate_event(
           ^^^^^^^^^^^^^^^^^^^^^^^^^^^^
  File "D:\Python\eski_versiya\Lib\site-packages\aiogram\dispatcher\router.py", line 166, in _propagate_event
    response = await observer.trigger(event, **kwargs)
               ^^^^^^^^^^^^^^^^^^^^^^^^^^^^^^^^^^^^^^^
  File "D:\Python\eski_versiya\Lib\site-packages\aiogram\dispatcher\event\telegram.py", line 121, in trigger
    return await wrapped_inner(event, kwargs)
           ^^^^^^^^^^^^^^^^^^^^^^^^^^^^^^^^^^
  File "D:\Empire_Turon_maf_Bot\emp_bot\Empire\middlewares\floot.py", line 93, in __call__
    return await handler(event, data)
           ^^^^^^^^^^^^^^^^^^^^^^^^^^
  File "D:\Empire_Turon_maf_Bot\emp_bot\Empire\middlewares\manager.py", line 250, in __call__
    return await handler(event, data)
           ^^^^^^^^^^^^^^^^^^^^^^^^^^
  File "D:\Python\eski_versiya\Lib\site-packages\aiogram\dispatcher\event\handler.py", line 43, in call
    return await wrapped()
           ^^^^^^^^^^^^^^^
  File "D:\Empire_Turon_maf_Bot\emp_bot\Empire\handlers\admin.py", line 379, in f_zapravka1
    await admins.zapravka_olmosh_handler(message=message)
  File "D:\Empire_Turon_maf_Bot\emp_bot\Empire\utils\admins.py", line 246, in zapravka_olmosh_handler
    profile.diamond += 100
    ^^^^^^^^^^^^^^^
AttributeError: 'NoneType' object has no attribute 'diamond'
2026-09-30 19:58:17,602 - INFO - RECEIVED MESSAGE: /profile from 6913838682 in chat 6913838682
2026-09-30 19:58:17,969 - INFO - Update id=370589491 is not handled. Duration 389 ms by bot id=8884302733
2026-09-30 19:58:17,972 - ERROR - Cause exception while process update id=370589491 by bot id=8884302733
AttributeError: module 'utils.others' has no attribute 'get_profile'
Traceback (most recent call last):
  File "D:\Python\eski_versiya\Lib\site-packages\aiogram\dispatcher\dispatcher.py", line 309, in _process_update
    response = await self.feed_update(bot, update, **kwargs)
               ^^^^^^^^^^^^^^^^^^^^^^^^^^^^^^^^^^^^^^^^^^^^^
  File "D:\Python\eski_versiya\Lib\site-packages\aiogram\dispatcher\dispatcher.py", line 158, in feed_update
    response = await self.update.wrap_outer_middleware(
               ^^^^^^^^^^^^^^^^^^^^^^^^^^^^^^^^^^^^^^^^
  File "D:\Python\eski_versiya\Lib\site-packages\aiogram\dispatcher\middlewares\error.py", line 25, in __call__
    return await handler(event, data)
           ^^^^^^^^^^^^^^^^^^^^^^^^^^
  File "D:\Python\eski_versiya\Lib\site-packages\aiogram\dispatcher\middlewares\user_context.py", line 56, in __call__
    return await handler(event, data)
           ^^^^^^^^^^^^^^^^^^^^^^^^^^
  File "D:\Python\eski_versiya\Lib\site-packages\aiogram\fsm\middleware.py", line 42, in __call__
    return await handler(event, data)
           ^^^^^^^^^^^^^^^^^^^^^^^^^^
  File "D:\Python\eski_versiya\Lib\site-packages\aiogram\dispatcher\event\telegram.py", line 121, in trigger
    return await wrapped_inner(event, kwargs)
           ^^^^^^^^^^^^^^^^^^^^^^^^^^^^^^^^^^
  File "D:\Python\eski_versiya\Lib\site-packages\aiogram\dispatcher\event\handler.py", line 43, in call
    return await wrapped()
           ^^^^^^^^^^^^^^^
  File "D:\Python\eski_versiya\Lib\site-packages\aiogram\dispatcher\dispatcher.py", line 276, in _listen_update
    return await self.propagate_event(update_type=update_type, event=event, **kwargs)
           ^^^^^^^^^^^^^^^^^^^^^^^^^^^^^^^^^^^^^^^^^^^^^^^^^^^^^^^^^^^^^^^^^^^^^^^^^^
  File "D:\Python\eski_versiya\Lib\site-packages\aiogram\dispatcher\router.py", line 146, in propagate_event
    return await observer.wrap_outer_middleware(_wrapped, event=event, data=kwargs)
           ^^^^^^^^^^^^^^^^^^^^^^^^^^^^^^^^^^^^^^^^^^^^^^^^^^^^^^^^^^^^^^^^^^^^^^^^
  File "D:\Empire_Turon_maf_Bot\emp_bot\Empire\bot.py", line 75, in log_all_messages
    return await handler(event, data)
           ^^^^^^^^^^^^^^^^^^^^^^^^^^
  File "D:\Python\eski_versiya\Lib\site-packages\aiogram\dispatcher\router.py", line 141, in _wrapped
    return await self._propagate_event(
           ^^^^^^^^^^^^^^^^^^^^^^^^^^^^
  File "D:\Python\eski_versiya\Lib\site-packages\aiogram\dispatcher\router.py", line 174, in _propagate_event
    response = await router.propagate_event(update_type=update_type, event=event, **kwargs)
               ^^^^^^^^^^^^^^^^^^^^^^^^^^^^^^^^^^^^^^^^^^^^^^^^^^^^^^^^^^^^^^^^^^^^^^^^^^^^
  File "D:\Python\eski_versiya\Lib\site-packages\aiogram\dispatcher\router.py", line 146, in propagate_event
    return await observer.wrap_outer_middleware(_wrapped, event=event, data=kwargs)
           ^^^^^^^^^^^^^^^^^^^^^^^^^^^^^^^^^^^^^^^^^^^^^^^^^^^^^^^^^^^^^^^^^^^^^^^^
  File "D:\Python\eski_versiya\Lib\site-packages\aiogram\dispatcher\router.py", line 141, in _wrapped
    return await self._propagate_event(
           ^^^^^^^^^^^^^^^^^^^^^^^^^^^^
  File "D:\Python\eski_versiya\Lib\site-packages\aiogram\dispatcher\router.py", line 174, in _propagate_event
    response = await router.propagate_event(update_type=update_type, event=event, **kwargs)
               ^^^^^^^^^^^^^^^^^^^^^^^^^^^^^^^^^^^^^^^^^^^^^^^^^^^^^^^^^^^^^^^^^^^^^^^^^^^^
  File "D:\Python\eski_versiya\Lib\site-packages\aiogram\dispatcher\router.py", line 146, in propagate_event
    return await observer.wrap_outer_middleware(_wrapped, event=event, data=kwargs)
           ^^^^^^^^^^^^^^^^^^^^^^^^^^^^^^^^^^^^^^^^^^^^^^^^^^^^^^^^^^^^^^^^^^^^^^^^
  File "D:\Python\eski_versiya\Lib\site-packages\aiogram\dispatcher\router.py", line 141, in _wrapped
    return await self._propagate_event(
           ^^^^^^^^^^^^^^^^^^^^^^^^^^^^
  File "D:\Python\eski_versiya\Lib\site-packages\aiogram\dispatcher\router.py", line 166, in _propagate_event
    response = await observer.trigger(event, **kwargs)
               ^^^^^^^^^^^^^^^^^^^^^^^^^^^^^^^^^^^^^^^
  File "D:\Python\eski_versiya\Lib\site-packages\aiogram\dispatcher\event\telegram.py", line 121, in trigger
    return await wrapped_inner(event, kwargs)
           ^^^^^^^^^^^^^^^^^^^^^^^^^^^^^^^^^^
  File "D:\Empire_Turon_maf_Bot\emp_bot\Empire\middlewares\floot.py", line 93, in __call__
    return await handler(event, data)
           ^^^^^^^^^^^^^^^^^^^^^^^^^^
  File "D:\Empire_Turon_maf_Bot\emp_bot\Empire\middlewares\manager.py", line 250, in __call__
    return await handler(event, data)
           ^^^^^^^^^^^^^^^^^^^^^^^^^^
  File "D:\Python\eski_versiya\Lib\site-packages\aiogram\dispatcher\event\handler.py", line 43, in call
    return await wrapped()
           ^^^^^^^^^^^^^^^
  File "D:\Empire_Turon_maf_Bot\emp_bot\Empire\handlers\other_handlers.py", line 75, in f
    await others.get_profile(bot, message)
          ^^^^^^^^^^^^^^^^^^
AttributeError: module 'utils.others' has no attribute 'get_profile'
2026-09-30 19:58:19,118 - INFO - RECEIVED MESSAGE: /roles from 6913838682 in chat 6913838682
2026-09-30 19:58:19,132 - INFO - Update id=370589492 is not handled. Duration 0 ms by bot id=8884302733
2026-09-30 19:58:19,133 - ERROR - Cause exception while process update id=370589492 by bot id=8884302733
AttributeError: module 'utils.others' has no attribute 'get_roles_text'
Traceback (most recent call last):
  File "D:\Python\eski_versiya\Lib\site-packages\aiogram\dispatcher\dispatcher.py", line 309, in _process_update
    response = await self.feed_update(bot, update, **kwargs)
               ^^^^^^^^^^^^^^^^^^^^^^^^^^^^^^^^^^^^^^^^^^^^^
  File "D:\Python\eski_versiya\Lib\site-packages\aiogram\dispatcher\dispatcher.py", line 158, in feed_update
    response = await self.update.wrap_outer_middleware(
               ^^^^^^^^^^^^^^^^^^^^^^^^^^^^^^^^^^^^^^^^
  File "D:\Python\eski_versiya\Lib\site-packages\aiogram\dispatcher\middlewares\error.py", line 25, in __call__
    return await handler(event, data)
           ^^^^^^^^^^^^^^^^^^^^^^^^^^
  File "D:\Python\eski_versiya\Lib\site-packages\aiogram\dispatcher\middlewares\user_context.py", line 56, in __call__
    return await handler(event, data)
           ^^^^^^^^^^^^^^^^^^^^^^^^^^
  File "D:\Python\eski_versiya\Lib\site-packages\aiogram\fsm\middleware.py", line 42, in __call__
    return await handler(event, data)
           ^^^^^^^^^^^^^^^^^^^^^^^^^^
  File "D:\Python\eski_versiya\Lib\site-packages\aiogram\dispatcher\event\telegram.py", line 121, in trigger
    return await wrapped_inner(event, kwargs)
           ^^^^^^^^^^^^^^^^^^^^^^^^^^^^^^^^^^
  File "D:\Python\eski_versiya\Lib\site-packages\aiogram\dispatcher\event\handler.py", line 43, in call
    return await wrapped()
           ^^^^^^^^^^^^^^^
  File "D:\Python\eski_versiya\Lib\site-packages\aiogram\dispatcher\dispatcher.py", line 276, in _listen_update
    return await self.propagate_event(update_type=update_type, event=event, **kwargs)
           ^^^^^^^^^^^^^^^^^^^^^^^^^^^^^^^^^^^^^^^^^^^^^^^^^^^^^^^^^^^^^^^^^^^^^^^^^^
  File "D:\Python\eski_versiya\Lib\site-packages\aiogram\dispatcher\router.py", line 146, in propagate_event
    return await observer.wrap_outer_middleware(_wrapped, event=event, data=kwargs)
           ^^^^^^^^^^^^^^^^^^^^^^^^^^^^^^^^^^^^^^^^^^^^^^^^^^^^^^^^^^^^^^^^^^^^^^^^
  File "D:\Empire_Turon_maf_Bot\emp_bot\Empire\bot.py", line 75, in log_all_messages
    return await handler(event, data)
           ^^^^^^^^^^^^^^^^^^^^^^^^^^
  File "D:\Python\eski_versiya\Lib\site-packages\aiogram\dispatcher\router.py", line 141, in _wrapped
    return await self._propagate_event(
           ^^^^^^^^^^^^^^^^^^^^^^^^^^^^
  File "D:\Python\eski_versiya\Lib\site-packages\aiogram\dispatcher\router.py", line 174, in _propagate_event
    response = await router.propagate_event(update_type=update_type, event=event, **kwargs)
               ^^^^^^^^^^^^^^^^^^^^^^^^^^^^^^^^^^^^^^^^^^^^^^^^^^^^^^^^^^^^^^^^^^^^^^^^^^^^
  File "D:\Python\eski_versiya\Lib\site-packages\aiogram\dispatcher\router.py", line 146, in propagate_event
    return await observer.wrap_outer_middleware(_wrapped, event=event, data=kwargs)
           ^^^^^^^^^^^^^^^^^^^^^^^^^^^^^^^^^^^^^^^^^^^^^^^^^^^^^^^^^^^^^^^^^^^^^^^^
  File "D:\Python\eski_versiya\Lib\site-packages\aiogram\dispatcher\router.py", line 141, in _wrapped
    return await self._propagate_event(
           ^^^^^^^^^^^^^^^^^^^^^^^^^^^^
  File "D:\Python\eski_versiya\Lib\site-packages\aiogram\dispatcher\router.py", line 174, in _propagate_event
    response = await router.propagate_event(update_type=update_type, event=event, **kwargs)
               ^^^^^^^^^^^^^^^^^^^^^^^^^^^^^^^^^^^^^^^^^^^^^^^^^^^^^^^^^^^^^^^^^^^^^^^^^^^^
  File "D:\Python\eski_versiya\Lib\site-packages\aiogram\dispatcher\router.py", line 146, in propagate_event
    return await observer.wrap_outer_middleware(_wrapped, event=event, data=kwargs)
           ^^^^^^^^^^^^^^^^^^^^^^^^^^^^^^^^^^^^^^^^^^^^^^^^^^^^^^^^^^^^^^^^^^^^^^^^
  File "D:\Python\eski_versiya\Lib\site-packages\aiogram\dispatcher\router.py", line 141, in _wrapped
    return await self._propagate_event(
           ^^^^^^^^^^^^^^^^^^^^^^^^^^^^
  File "D:\Python\eski_versiya\Lib\site-packages\aiogram\dispatcher\router.py", line 166, in _propagate_event
    response = await observer.trigger(event, **kwargs)
               ^^^^^^^^^^^^^^^^^^^^^^^^^^^^^^^^^^^^^^^
  File "D:\Python\eski_versiya\Lib\site-packages\aiogram\dispatcher\event\telegram.py", line 121, in trigger
    return await wrapped_inner(event, kwargs)
           ^^^^^^^^^^^^^^^^^^^^^^^^^^^^^^^^^^
  File "D:\Empire_Turon_maf_Bot\emp_bot\Empire\middlewares\floot.py", line 93, in __call__
    return await handler(event, data)
           ^^^^^^^^^^^^^^^^^^^^^^^^^^
  File "D:\Empire_Turon_maf_Bot\emp_bot\Empire\middlewares\manager.py", line 250, in __call__
    return await handler(event, data)
           ^^^^^^^^^^^^^^^^^^^^^^^^^^
  File "D:\Python\eski_versiya\Lib\site-packages\aiogram\dispatcher\event\handler.py", line 43, in call
    return await wrapped()
           ^^^^^^^^^^^^^^^
  File "D:\Empire_Turon_maf_Bot\emp_bot\Empire\handlers\other_handlers.py", line 230, in f
    await others.get_roles_text(message)
          ^^^^^^^^^^^^^^^^^^^^^
AttributeError: module 'utils.others' has no attribute 'get_roles_text'
2026-09-30 19:58:21,324 - INFO - RECEIVED MESSAGE: /start from 6913838682 in chat 6913838682
2026-09-30 19:58:21,539 - INFO - Update id=370589493 is handled. Duration 202 ms by bot id=8884302733
2026-09-30 19:58:30,782 - INFO - Update id=370589494 is not handled. Duration 31 ms by bot id=8884302733
2026-09-30 19:58:30,785 - ERROR - Cause exception while process update id=370589494 by bot id=8884302733
AttributeError: module 'utils.others' has no attribute 'get_premium_groups_on_start'
Traceback (most recent call last):
  File "D:\Python\eski_versiya\Lib\site-packages\aiogram\dispatcher\dispatcher.py", line 309, in _process_update
    response = await self.feed_update(bot, update, **kwargs)
               ^^^^^^^^^^^^^^^^^^^^^^^^^^^^^^^^^^^^^^^^^^^^^
  File "D:\Python\eski_versiya\Lib\site-packages\aiogram\dispatcher\dispatcher.py", line 158, in feed_update
    response = await self.update.wrap_outer_middleware(
               ^^^^^^^^^^^^^^^^^^^^^^^^^^^^^^^^^^^^^^^^
  File "D:\Python\eski_versiya\Lib\site-packages\aiogram\dispatcher\middlewares\error.py", line 25, in __call__
    return await handler(event, data)
           ^^^^^^^^^^^^^^^^^^^^^^^^^^
  File "D:\Python\eski_versiya\Lib\site-packages\aiogram\dispatcher\middlewares\user_context.py", line 56, in __call__
    return await handler(event, data)
           ^^^^^^^^^^^^^^^^^^^^^^^^^^
  File "D:\Python\eski_versiya\Lib\site-packages\aiogram\fsm\middleware.py", line 42, in __call__
    return await handler(event, data)
           ^^^^^^^^^^^^^^^^^^^^^^^^^^
  File "D:\Python\eski_versiya\Lib\site-packages\aiogram\dispatcher\event\telegram.py", line 121, in trigger
    return await wrapped_inner(event, kwargs)
           ^^^^^^^^^^^^^^^^^^^^^^^^^^^^^^^^^^
  File "D:\Python\eski_versiya\Lib\site-packages\aiogram\dispatcher\event\handler.py", line 43, in call
    return await wrapped()
           ^^^^^^^^^^^^^^^
  File "D:\Python\eski_versiya\Lib\site-packages\aiogram\dispatcher\dispatcher.py", line 276, in _listen_update
    return await self.propagate_event(update_type=update_type, event=event, **kwargs)
           ^^^^^^^^^^^^^^^^^^^^^^^^^^^^^^^^^^^^^^^^^^^^^^^^^^^^^^^^^^^^^^^^^^^^^^^^^^
  File "D:\Python\eski_versiya\Lib\site-packages\aiogram\dispatcher\router.py", line 146, in propagate_event
    return await observer.wrap_outer_middleware(_wrapped, event=event, data=kwargs)
           ^^^^^^^^^^^^^^^^^^^^^^^^^^^^^^^^^^^^^^^^^^^^^^^^^^^^^^^^^^^^^^^^^^^^^^^^
  File "D:\Python\eski_versiya\Lib\site-packages\aiogram\dispatcher\router.py", line 141, in _wrapped
    return await self._propagate_event(
           ^^^^^^^^^^^^^^^^^^^^^^^^^^^^
  File "D:\Python\eski_versiya\Lib\site-packages\aiogram\dispatcher\router.py", line 174, in _propagate_event
    response = await router.propagate_event(update_type=update_type, event=event, **kwargs)
               ^^^^^^^^^^^^^^^^^^^^^^^^^^^^^^^^^^^^^^^^^^^^^^^^^^^^^^^^^^^^^^^^^^^^^^^^^^^^
  File "D:\Python\eski_versiya\Lib\site-packages\aiogram\dispatcher\router.py", line 146, in propagate_event
    return await observer.wrap_outer_middleware(_wrapped, event=event, data=kwargs)
           ^^^^^^^^^^^^^^^^^^^^^^^^^^^^^^^^^^^^^^^^^^^^^^^^^^^^^^^^^^^^^^^^^^^^^^^^
  File "D:\Python\eski_versiya\Lib\site-packages\aiogram\dispatcher\router.py", line 141, in _wrapped
    return await self._propagate_event(
           ^^^^^^^^^^^^^^^^^^^^^^^^^^^^
  File "D:\Python\eski_versiya\Lib\site-packages\aiogram\dispatcher\router.py", line 174, in _propagate_event
    response = await router.propagate_event(update_type=update_type, event=event, **kwargs)
               ^^^^^^^^^^^^^^^^^^^^^^^^^^^^^^^^^^^^^^^^^^^^^^^^^^^^^^^^^^^^^^^^^^^^^^^^^^^^
  File "D:\Python\eski_versiya\Lib\site-packages\aiogram\dispatcher\router.py", line 146, in propagate_event
    return await observer.wrap_outer_middleware(_wrapped, event=event, data=kwargs)
           ^^^^^^^^^^^^^^^^^^^^^^^^^^^^^^^^^^^^^^^^^^^^^^^^^^^^^^^^^^^^^^^^^^^^^^^^
  File "D:\Python\eski_versiya\Lib\site-packages\aiogram\dispatcher\router.py", line 141, in _wrapped
    return await self._propagate_event(
           ^^^^^^^^^^^^^^^^^^^^^^^^^^^^
  File "D:\Python\eski_versiya\Lib\site-packages\aiogram\dispatcher\router.py", line 166, in _propagate_event
    response = await observer.trigger(event, **kwargs)
               ^^^^^^^^^^^^^^^^^^^^^^^^^^^^^^^^^^^^^^^
  File "D:\Python\eski_versiya\Lib\site-packages\aiogram\dispatcher\event\telegram.py", line 121, in trigger
    return await wrapped_inner(event, kwargs)
           ^^^^^^^^^^^^^^^^^^^^^^^^^^^^^^^^^^
  File "D:\Empire_Turon_maf_Bot\emp_bot\Empire\middlewares\floot.py", line 93, in __call__
    return await handler(event, data)
           ^^^^^^^^^^^^^^^^^^^^^^^^^^
  File "D:\Python\eski_versiya\Lib\site-packages\aiogram\dispatcher\event\handler.py", line 43, in call
    return await wrapped()
           ^^^^^^^^^^^^^^^
  File "D:\Empire_Turon_maf_Bot\emp_bot\Empire\handlers\other_handlers.py", line 288, in f
    await others.get_premium_groups_on_start(call=call, bot=bot)
          ^^^^^^^^^^^^^^^^^^^^^^^^^^^^^^^^^^
AttributeError: module 'utils.others' has no attribute 'get_premium_groups_on_start'
2026-09-30 20:28:23,001 - WARNING - NFT katalog avto-sinxronlash xato: unable to open database file
2026-09-30 20:39:58,982 - ERROR - Failed to fetch updates - TelegramNetworkError: HTTP Client says - Request timeout error
2026-09-30 20:39:58,985 - WARNING - Sleep for 1.000000 seconds and try again... (tryings = 0, bot id = 8884302733)
2026-09-30 20:40:10,487 - INFO - Connection established (tryings = 1, bot id = 8884302733)
2026-09-30 21:28:23,040 - WARNING - NFT katalog avto-sinxronlash xato: unable to open database file
2026-09-30 22:45:07,845 - ERROR - Failed to fetch updates - TelegramNetworkError: HTTP Client says - Request timeout error
2026-09-30 22:45:07,897 - WARNING - Sleep for 1.000000 seconds and try again... (tryings = 0, bot id = 8884302733)
2026-09-30 22:45:07,964 - WARNING - NFT katalog avto-sinxronlash xato: unable to open database file
2026-09-30 22:45:09,390 - INFO - Connection established (tryings = 1, bot id = 8884302733)
2026-09-30 22:45:09,398 - INFO - RECEIVED MESSAGE: /zapravka1 from 6913838682 in chat 6913838682
2026-09-30 22:45:09,408 - INFO - RECEIVED MESSAGE: /roles from 6913838682 in chat 6913838682
2026-09-30 22:45:09,423 - INFO - RECEIVED MESSAGE: /profile from 6913838682 in chat 6913838682
2026-09-30 22:45:09,914 - INFO - Update id=370589496 is not handled. Duration 500 ms by bot id=8884302733
2026-09-30 22:45:09,917 - ERROR - Cause exception while process update id=370589496 by bot id=8884302733
AttributeError: module 'utils.others' has no attribute 'get_roles_text'
Traceback (most recent call last):
  File "D:\Python\eski_versiya\Lib\site-packages\aiogram\dispatcher\dispatcher.py", line 309, in _process_update
    response = await self.feed_update(bot, update, **kwargs)
               ^^^^^^^^^^^^^^^^^^^^^^^^^^^^^^^^^^^^^^^^^^^^^
  File "D:\Python\eski_versiya\Lib\site-packages\aiogram\dispatcher\dispatcher.py", line 158, in feed_update
    response = await self.update.wrap_outer_middleware(
               ^^^^^^^^^^^^^^^^^^^^^^^^^^^^^^^^^^^^^^^^
  File "D:\Python\eski_versiya\Lib\site-packages\aiogram\dispatcher\middlewares\error.py", line 25, in __call__
    return await handler(event, data)
           ^^^^^^^^^^^^^^^^^^^^^^^^^^
  File "D:\Python\eski_versiya\Lib\site-packages\aiogram\dispatcher\middlewares\user_context.py", line 56, in __call__
    return await handler(event, data)
           ^^^^^^^^^^^^^^^^^^^^^^^^^^
  File "D:\Python\eski_versiya\Lib\site-packages\aiogram\fsm\middleware.py", line 42, in __call__
    return await handler(event, data)
           ^^^^^^^^^^^^^^^^^^^^^^^^^^
  File "D:\Python\eski_versiya\Lib\site-packages\aiogram\dispatcher\event\telegram.py", line 121, in trigger
    return await wrapped_inner(event, kwargs)
           ^^^^^^^^^^^^^^^^^^^^^^^^^^^^^^^^^^
  File "D:\Python\eski_versiya\Lib\site-packages\aiogram\dispatcher\event\handler.py", line 43, in call
    return await wrapped()
           ^^^^^^^^^^^^^^^
  File "D:\Python\eski_versiya\Lib\site-packages\aiogram\dispatcher\dispatcher.py", line 276, in _listen_update
    return await self.propagate_event(update_type=update_type, event=event, **kwargs)
           ^^^^^^^^^^^^^^^^^^^^^^^^^^^^^^^^^^^^^^^^^^^^^^^^^^^^^^^^^^^^^^^^^^^^^^^^^^
  File "D:\Python\eski_versiya\Lib\site-packages\aiogram\dispatcher\router.py", line 146, in propagate_event
    return await observer.wrap_outer_middleware(_wrapped, event=event, data=kwargs)
           ^^^^^^^^^^^^^^^^^^^^^^^^^^^^^^^^^^^^^^^^^^^^^^^^^^^^^^^^^^^^^^^^^^^^^^^^
  File "D:\Empire_Turon_maf_Bot\emp_bot\Empire\bot.py", line 75, in log_all_messages
    return await handler(event, data)
           ^^^^^^^^^^^^^^^^^^^^^^^^^^
  File "D:\Python\eski_versiya\Lib\site-packages\aiogram\dispatcher\router.py", line 141, in _wrapped
    return await self._propagate_event(
           ^^^^^^^^^^^^^^^^^^^^^^^^^^^^
  File "D:\Python\eski_versiya\Lib\site-packages\aiogram\dispatcher\router.py", line 174, in _propagate_event
    response = await router.propagate_event(update_type=update_type, event=event, **kwargs)
               ^^^^^^^^^^^^^^^^^^^^^^^^^^^^^^^^^^^^^^^^^^^^^^^^^^^^^^^^^^^^^^^^^^^^^^^^^^^^
  File "D:\Python\eski_versiya\Lib\site-packages\aiogram\dispatcher\router.py", line 146, in propagate_event
    return await observer.wrap_outer_middleware(_wrapped, event=event, data=kwargs)
           ^^^^^^^^^^^^^^^^^^^^^^^^^^^^^^^^^^^^^^^^^^^^^^^^^^^^^^^^^^^^^^^^^^^^^^^^
  File "D:\Python\eski_versiya\Lib\site-packages\aiogram\dispatcher\router.py", line 141, in _wrapped
    return await self._propagate_event(
           ^^^^^^^^^^^^^^^^^^^^^^^^^^^^
  File "D:\Python\eski_versiya\Lib\site-packages\aiogram\dispatcher\router.py", line 174, in _propagate_event
    response = await router.propagate_event(update_type=update_type, event=event, **kwargs)
               ^^^^^^^^^^^^^^^^^^^^^^^^^^^^^^^^^^^^^^^^^^^^^^^^^^^^^^^^^^^^^^^^^^^^^^^^^^^^
  File "D:\Python\eski_versiya\Lib\site-packages\aiogram\dispatcher\router.py", line 146, in propagate_event
    return await observer.wrap_outer_middleware(_wrapped, event=event, data=kwargs)
           ^^^^^^^^^^^^^^^^^^^^^^^^^^^^^^^^^^^^^^^^^^^^^^^^^^^^^^^^^^^^^^^^^^^^^^^^
  File "D:\Python\eski_versiya\Lib\site-packages\aiogram\dispatcher\router.py", line 141, in _wrapped
    return await self._propagate_event(
           ^^^^^^^^^^^^^^^^^^^^^^^^^^^^
  File "D:\Python\eski_versiya\Lib\site-packages\aiogram\dispatcher\router.py", line 166, in _propagate_event
    response = await observer.trigger(event, **kwargs)
               ^^^^^^^^^^^^^^^^^^^^^^^^^^^^^^^^^^^^^^^
  File "D:\Python\eski_versiya\Lib\site-packages\aiogram\dispatcher\event\telegram.py", line 121, in trigger
    return await wrapped_inner(event, kwargs)
           ^^^^^^^^^^^^^^^^^^^^^^^^^^^^^^^^^^
  File "D:\Empire_Turon_maf_Bot\emp_bot\Empire\middlewares\floot.py", line 93, in __call__
    return await handler(event, data)
           ^^^^^^^^^^^^^^^^^^^^^^^^^^
  File "D:\Empire_Turon_maf_Bot\emp_bot\Empire\middlewares\manager.py", line 250, in __call__
    return await handler(event, data)
           ^^^^^^^^^^^^^^^^^^^^^^^^^^
  File "D:\Python\eski_versiya\Lib\site-packages\aiogram\dispatcher\event\handler.py", line 43, in call
    return await wrapped()
           ^^^^^^^^^^^^^^^
  File "D:\Empire_Turon_maf_Bot\emp_bot\Empire\handlers\other_handlers.py", line 230, in f
    await others.get_roles_text(message)
          ^^^^^^^^^^^^^^^^^^^^^
AttributeError: module 'utils.others' has no attribute 'get_roles_text'
2026-09-30 22:45:09,948 - INFO - Update id=370589497 is not handled. Duration 546 ms by bot id=8884302733
2026-09-30 22:45:09,951 - ERROR - Cause exception while process update id=370589497 by bot id=8884302733
AttributeError: module 'utils.others' has no attribute 'get_profile'
Traceback (most recent call last):
  File "D:\Python\eski_versiya\Lib\site-packages\aiogram\dispatcher\dispatcher.py", line 309, in _process_update
    response = await self.feed_update(bot, update, **kwargs)
               ^^^^^^^^^^^^^^^^^^^^^^^^^^^^^^^^^^^^^^^^^^^^^
  File "D:\Python\eski_versiya\Lib\site-packages\aiogram\dispatcher\dispatcher.py", line 158, in feed_update
    response = await self.update.wrap_outer_middleware(
               ^^^^^^^^^^^^^^^^^^^^^^^^^^^^^^^^^^^^^^^^
  File "D:\Python\eski_versiya\Lib\site-packages\aiogram\dispatcher\middlewares\error.py", line 25, in __call__
    return await handler(event, data)
           ^^^^^^^^^^^^^^^^^^^^^^^^^^
  File "D:\Python\eski_versiya\Lib\site-packages\aiogram\dispatcher\middlewares\user_context.py", line 56, in __call__
    return await handler(event, data)
           ^^^^^^^^^^^^^^^^^^^^^^^^^^
  File "D:\Python\eski_versiya\Lib\site-packages\aiogram\fsm\middleware.py", line 42, in __call__
    return await handler(event, data)
           ^^^^^^^^^^^^^^^^^^^^^^^^^^
  File "D:\Python\eski_versiya\Lib\site-packages\aiogram\dispatcher\event\telegram.py", line 121, in trigger
    return await wrapped_inner(event, kwargs)
           ^^^^^^^^^^^^^^^^^^^^^^^^^^^^^^^^^^
  File "D:\Python\eski_versiya\Lib\site-packages\aiogram\dispatcher\event\handler.py", line 43, in call
    return await wrapped()
           ^^^^^^^^^^^^^^^
  File "D:\Python\eski_versiya\Lib\site-packages\aiogram\dispatcher\dispatcher.py", line 276, in _listen_update
    return await self.propagate_event(update_type=update_type, event=event, **kwargs)
           ^^^^^^^^^^^^^^^^^^^^^^^^^^^^^^^^^^^^^^^^^^^^^^^^^^^^^^^^^^^^^^^^^^^^^^^^^^
  File "D:\Python\eski_versiya\Lib\site-packages\aiogram\dispatcher\router.py", line 146, in propagate_event
    return await observer.wrap_outer_middleware(_wrapped, event=event, data=kwargs)
           ^^^^^^^^^^^^^^^^^^^^^^^^^^^^^^^^^^^^^^^^^^^^^^^^^^^^^^^^^^^^^^^^^^^^^^^^
  File "D:\Empire_Turon_maf_Bot\emp_bot\Empire\bot.py", line 75, in log_all_messages
    return await handler(event, data)
           ^^^^^^^^^^^^^^^^^^^^^^^^^^
  File "D:\Python\eski_versiya\Lib\site-packages\aiogram\dispatcher\router.py", line 141, in _wrapped
    return await self._propagate_event(
           ^^^^^^^^^^^^^^^^^^^^^^^^^^^^
  File "D:\Python\eski_versiya\Lib\site-packages\aiogram\dispatcher\router.py", line 174, in _propagate_event
    response = await router.propagate_event(update_type=update_type, event=event, **kwargs)
               ^^^^^^^^^^^^^^^^^^^^^^^^^^^^^^^^^^^^^^^^^^^^^^^^^^^^^^^^^^^^^^^^^^^^^^^^^^^^
  File "D:\Python\eski_versiya\Lib\site-packages\aiogram\dispatcher\router.py", line 146, in propagate_event
    return await observer.wrap_outer_middleware(_wrapped, event=event, data=kwargs)
           ^^^^^^^^^^^^^^^^^^^^^^^^^^^^^^^^^^^^^^^^^^^^^^^^^^^^^^^^^^^^^^^^^^^^^^^^
  File "D:\Python\eski_versiya\Lib\site-packages\aiogram\dispatcher\router.py", line 141, in _wrapped
    return await self._propagate_event(
           ^^^^^^^^^^^^^^^^^^^^^^^^^^^^
  File "D:\Python\eski_versiya\Lib\site-packages\aiogram\dispatcher\router.py", line 174, in _propagate_event
    response = await router.propagate_event(update_type=update_type, event=event, **kwargs)
               ^^^^^^^^^^^^^^^^^^^^^^^^^^^^^^^^^^^^^^^^^^^^^^^^^^^^^^^^^^^^^^^^^^^^^^^^^^^^
  File "D:\Python\eski_versiya\Lib\site-packages\aiogram\dispatcher\router.py", line 146, in propagate_event
    return await observer.wrap_outer_middleware(_wrapped, event=event, data=kwargs)
           ^^^^^^^^^^^^^^^^^^^^^^^^^^^^^^^^^^^^^^^^^^^^^^^^^^^^^^^^^^^^^^^^^^^^^^^^
  File "D:\Python\eski_versiya\Lib\site-packages\aiogram\dispatcher\router.py", line 141, in _wrapped
    return await self._propagate_event(
           ^^^^^^^^^^^^^^^^^^^^^^^^^^^^
  File "D:\Python\eski_versiya\Lib\site-packages\aiogram\dispatcher\router.py", line 166, in _propagate_event
    response = await observer.trigger(event, **kwargs)
               ^^^^^^^^^^^^^^^^^^^^^^^^^^^^^^^^^^^^^^^
  File "D:\Python\eski_versiya\Lib\site-packages\aiogram\dispatcher\event\telegram.py", line 121, in trigger
    return await wrapped_inner(event, kwargs)
           ^^^^^^^^^^^^^^^^^^^^^^^^^^^^^^^^^^
  File "D:\Empire_Turon_maf_Bot\emp_bot\Empire\middlewares\floot.py", line 93, in __call__
    return await handler(event, data)
           ^^^^^^^^^^^^^^^^^^^^^^^^^^
  File "D:\Empire_Turon_maf_Bot\emp_bot\Empire\middlewares\manager.py", line 250, in __call__
    return await handler(event, data)
           ^^^^^^^^^^^^^^^^^^^^^^^^^^
  File "D:\Python\eski_versiya\Lib\site-packages\aiogram\dispatcher\event\handler.py", line 43, in call
    return await wrapped()
           ^^^^^^^^^^^^^^^
  File "D:\Empire_Turon_maf_Bot\emp_bot\Empire\handlers\other_handlers.py", line 75, in f
    await others.get_profile(bot, message)
          ^^^^^^^^^^^^^^^^^^
AttributeError: module 'utils.others' has no attribute 'get_profile'
2026-09-30 22:45:09,999 - INFO - Update id=370589495 is not handled. Duration 608 ms by bot id=8884302733
2026-09-30 22:45:10,000 - ERROR - Cause exception while process update id=370589495 by bot id=8884302733
AttributeError: 'NoneType' object has no attribute 'diamond'
Traceback (most recent call last):
  File "D:\Python\eski_versiya\Lib\site-packages\aiogram\dispatcher\dispatcher.py", line 309, in _process_update
    response = await self.feed_update(bot, update, **kwargs)
               ^^^^^^^^^^^^^^^^^^^^^^^^^^^^^^^^^^^^^^^^^^^^^
  File "D:\Python\eski_versiya\Lib\site-packages\aiogram\dispatcher\dispatcher.py", line 158, in feed_update
    response = await self.update.wrap_outer_middleware(
               ^^^^^^^^^^^^^^^^^^^^^^^^^^^^^^^^^^^^^^^^
  File "D:\Python\eski_versiya\Lib\site-packages\aiogram\dispatcher\middlewares\error.py", line 25, in __call__
    return await handler(event, data)
           ^^^^^^^^^^^^^^^^^^^^^^^^^^
  File "D:\Python\eski_versiya\Lib\site-packages\aiogram\dispatcher\middlewares\user_context.py", line 56, in __call__
    return await handler(event, data)
           ^^^^^^^^^^^^^^^^^^^^^^^^^^
  File "D:\Python\eski_versiya\Lib\site-packages\aiogram\fsm\middleware.py", line 42, in __call__
    return await handler(event, data)
           ^^^^^^^^^^^^^^^^^^^^^^^^^^
  File "D:\Python\eski_versiya\Lib\site-packages\aiogram\dispatcher\event\telegram.py", line 121, in trigger
    return await wrapped_inner(event, kwargs)
           ^^^^^^^^^^^^^^^^^^^^^^^^^^^^^^^^^^
  File "D:\Python\eski_versiya\Lib\site-packages\aiogram\dispatcher\event\handler.py", line 43, in call
    return await wrapped()
           ^^^^^^^^^^^^^^^
  File "D:\Python\eski_versiya\Lib\site-packages\aiogram\dispatcher\dispatcher.py", line 276, in _listen_update
    return await self.propagate_event(update_type=update_type, event=event, **kwargs)
           ^^^^^^^^^^^^^^^^^^^^^^^^^^^^^^^^^^^^^^^^^^^^^^^^^^^^^^^^^^^^^^^^^^^^^^^^^^
  File "D:\Python\eski_versiya\Lib\site-packages\aiogram\dispatcher\router.py", line 146, in propagate_event
    return await observer.wrap_outer_middleware(_wrapped, event=event, data=kwargs)
           ^^^^^^^^^^^^^^^^^^^^^^^^^^^^^^^^^^^^^^^^^^^^^^^^^^^^^^^^^^^^^^^^^^^^^^^^
  File "D:\Empire_Turon_maf_Bot\emp_bot\Empire\bot.py", line 75, in log_all_messages
    return await handler(event, data)
           ^^^^^^^^^^^^^^^^^^^^^^^^^^
  File "D:\Python\eski_versiya\Lib\site-packages\aiogram\dispatcher\router.py", line 141, in _wrapped
    return await self._propagate_event(
           ^^^^^^^^^^^^^^^^^^^^^^^^^^^^
  File "D:\Python\eski_versiya\Lib\site-packages\aiogram\dispatcher\router.py", line 174, in _propagate_event
    response = await router.propagate_event(update_type=update_type, event=event, **kwargs)
               ^^^^^^^^^^^^^^^^^^^^^^^^^^^^^^^^^^^^^^^^^^^^^^^^^^^^^^^^^^^^^^^^^^^^^^^^^^^^
  File "D:\Python\eski_versiya\Lib\site-packages\aiogram\dispatcher\router.py", line 146, in propagate_event
    return await observer.wrap_outer_middleware(_wrapped, event=event, data=kwargs)
           ^^^^^^^^^^^^^^^^^^^^^^^^^^^^^^^^^^^^^^^^^^^^^^^^^^^^^^^^^^^^^^^^^^^^^^^^
  File "D:\Python\eski_versiya\Lib\site-packages\aiogram\dispatcher\router.py", line 141, in _wrapped
    return await self._propagate_event(
           ^^^^^^^^^^^^^^^^^^^^^^^^^^^^
  File "D:\Python\eski_versiya\Lib\site-packages\aiogram\dispatcher\router.py", line 174, in _propagate_event
    response = await router.propagate_event(update_type=update_type, event=event, **kwargs)
               ^^^^^^^^^^^^^^^^^^^^^^^^^^^^^^^^^^^^^^^^^^^^^^^^^^^^^^^^^^^^^^^^^^^^^^^^^^^^
  File "D:\Python\eski_versiya\Lib\site-packages\aiogram\dispatcher\router.py", line 146, in propagate_event
    return await observer.wrap_outer_middleware(_wrapped, event=event, data=kwargs)
           ^^^^^^^^^^^^^^^^^^^^^^^^^^^^^^^^^^^^^^^^^^^^^^^^^^^^^^^^^^^^^^^^^^^^^^^^
  File "D:\Python\eski_versiya\Lib\site-packages\aiogram\dispatcher\router.py", line 141, in _wrapped
    return await self._propagate_event(
           ^^^^^^^^^^^^^^^^^^^^^^^^^^^^
  File "D:\Python\eski_versiya\Lib\site-packages\aiogram\dispatcher\router.py", line 166, in _propagate_event
    response = await observer.trigger(event, **kwargs)
               ^^^^^^^^^^^^^^^^^^^^^^^^^^^^^^^^^^^^^^^
  File "D:\Python\eski_versiya\Lib\site-packages\aiogram\dispatcher\event\telegram.py", line 121, in trigger
    return await wrapped_inner(event, kwargs)
           ^^^^^^^^^^^^^^^^^^^^^^^^^^^^^^^^^^
  File "D:\Empire_Turon_maf_Bot\emp_bot\Empire\middlewares\floot.py", line 93, in __call__
    return await handler(event, data)
           ^^^^^^^^^^^^^^^^^^^^^^^^^^
  File "D:\Empire_Turon_maf_Bot\emp_bot\Empire\middlewares\manager.py", line 250, in __call__
    return await handler(event, data)
           ^^^^^^^^^^^^^^^^^^^^^^^^^^
  File "D:\Python\eski_versiya\Lib\site-packages\aiogram\dispatcher\event\handler.py", line 43, in call
    return await wrapped()
           ^^^^^^^^^^^^^^^
  File "D:\Empire_Turon_maf_Bot\emp_bot\Empire\handlers\admin.py", line 379, in f_zapravka1
    await admins.zapravka_olmosh_handler(message=message)
  File "D:\Empire_Turon_maf_Bot\emp_bot\Empire\utils\admins.py", line 246, in zapravka_olmosh_handler
    profile.diamond += 100
    ^^^^^^^^^^^^^^^
AttributeError: 'NoneType' object has no attribute 'diamond'
2026-09-30 23:03:42,466 - ERROR - Failed to fetch updates - TelegramNetworkError: HTTP Client says - ClientOSError: [WinError 121] Превышен таймаут семафора
2026-09-30 23:03:42,469 - WARNING - Sleep for 1.000000 seconds and try again... (tryings = 0, bot id = 8884302733)
2026-09-30 23:03:43,821 - INFO - Connection established (tryings = 1, bot id = 8884302733)
2026-09-30 23:03:43,831 - INFO - RECEIVED MESSAGE: /roles from 6913838682 in chat 6913838682
2026-09-30 23:03:43,833 - INFO - RECEIVED MESSAGE: /profile from 6913838682 in chat 6913838682
2026-09-30 23:03:44,194 - INFO - Update id=370589499 is not handled. Duration 359 ms by bot id=8884302733
2026-09-30 23:03:44,195 - ERROR - Cause exception while process update id=370589499 by bot id=8884302733
AttributeError: module 'utils.others' has no attribute 'get_profile'
Traceback (most recent call last):
  File "D:\Python\eski_versiya\Lib\site-packages\aiogram\dispatcher\dispatcher.py", line 309, in _process_update
    response = await self.feed_update(bot, update, **kwargs)
               ^^^^^^^^^^^^^^^^^^^^^^^^^^^^^^^^^^^^^^^^^^^^^
  File "D:\Python\eski_versiya\Lib\site-packages\aiogram\dispatcher\dispatcher.py", line 158, in feed_update
    response = await self.update.wrap_outer_middleware(
               ^^^^^^^^^^^^^^^^^^^^^^^^^^^^^^^^^^^^^^^^
  File "D:\Python\eski_versiya\Lib\site-packages\aiogram\dispatcher\middlewares\error.py", line 25, in __call__
    return await handler(event, data)
           ^^^^^^^^^^^^^^^^^^^^^^^^^^
  File "D:\Python\eski_versiya\Lib\site-packages\aiogram\dispatcher\middlewares\user_context.py", line 56, in __call__
    return await handler(event, data)
           ^^^^^^^^^^^^^^^^^^^^^^^^^^
  File "D:\Python\eski_versiya\Lib\site-packages\aiogram\fsm\middleware.py", line 42, in __call__
    return await handler(event, data)
           ^^^^^^^^^^^^^^^^^^^^^^^^^^
  File "D:\Python\eski_versiya\Lib\site-packages\aiogram\dispatcher\event\telegram.py", line 121, in trigger
    return await wrapped_inner(event, kwargs)
           ^^^^^^^^^^^^^^^^^^^^^^^^^^^^^^^^^^
  File "D:\Python\eski_versiya\Lib\site-packages\aiogram\dispatcher\event\handler.py", line 43, in call
    return await wrapped()
           ^^^^^^^^^^^^^^^
  File "D:\Python\eski_versiya\Lib\site-packages\aiogram\dispatcher\dispatcher.py", line 276, in _listen_update
    return await self.propagate_event(update_type=update_type, event=event, **kwargs)
           ^^^^^^^^^^^^^^^^^^^^^^^^^^^^^^^^^^^^^^^^^^^^^^^^^^^^^^^^^^^^^^^^^^^^^^^^^^
  File "D:\Python\eski_versiya\Lib\site-packages\aiogram\dispatcher\router.py", line 146, in propagate_event
    return await observer.wrap_outer_middleware(_wrapped, event=event, data=kwargs)
           ^^^^^^^^^^^^^^^^^^^^^^^^^^^^^^^^^^^^^^^^^^^^^^^^^^^^^^^^^^^^^^^^^^^^^^^^
  File "D:\Empire_Turon_maf_Bot\emp_bot\Empire\bot.py", line 75, in log_all_messages
    return await handler(event, data)
           ^^^^^^^^^^^^^^^^^^^^^^^^^^
  File "D:\Python\eski_versiya\Lib\site-packages\aiogram\dispatcher\router.py", line 141, in _wrapped
    return await self._propagate_event(
           ^^^^^^^^^^^^^^^^^^^^^^^^^^^^
  File "D:\Python\eski_versiya\Lib\site-packages\aiogram\dispatcher\router.py", line 174, in _propagate_event
    response = await router.propagate_event(update_type=update_type, event=event, **kwargs)
               ^^^^^^^^^^^^^^^^^^^^^^^^^^^^^^^^^^^^^^^^^^^^^^^^^^^^^^^^^^^^^^^^^^^^^^^^^^^^
  File "D:\Python\eski_versiya\Lib\site-packages\aiogram\dispatcher\router.py", line 146, in propagate_event
    return await observer.wrap_outer_middleware(_wrapped, event=event, data=kwargs)
           ^^^^^^^^^^^^^^^^^^^^^^^^^^^^^^^^^^^^^^^^^^^^^^^^^^^^^^^^^^^^^^^^^^^^^^^^
  File "D:\Python\eski_versiya\Lib\site-packages\aiogram\dispatcher\router.py", line 141, in _wrapped
    return await self._propagate_event(
           ^^^^^^^^^^^^^^^^^^^^^^^^^^^^
  File "D:\Python\eski_versiya\Lib\site-packages\aiogram\dispatcher\router.py", line 174, in _propagate_event
    response = await router.propagate_event(update_type=update_type, event=event, **kwargs)
               ^^^^^^^^^^^^^^^^^^^^^^^^^^^^^^^^^^^^^^^^^^^^^^^^^^^^^^^^^^^^^^^^^^^^^^^^^^^^
  File "D:\Python\eski_versiya\Lib\site-packages\aiogram\dispatcher\router.py", line 146, in propagate_event
    return await observer.wrap_outer_middleware(_wrapped, event=event, data=kwargs)
           ^^^^^^^^^^^^^^^^^^^^^^^^^^^^^^^^^^^^^^^^^^^^^^^^^^^^^^^^^^^^^^^^^^^^^^^^
  File "D:\Python\eski_versiya\Lib\site-packages\aiogram\dispatcher\router.py", line 141, in _wrapped
    return await self._propagate_event(
           ^^^^^^^^^^^^^^^^^^^^^^^^^^^^
  File "D:\Python\eski_versiya\Lib\site-packages\aiogram\dispatcher\router.py", line 166, in _propagate_event
    response = await observer.trigger(event, **kwargs)
               ^^^^^^^^^^^^^^^^^^^^^^^^^^^^^^^^^^^^^^^
  File "D:\Python\eski_versiya\Lib\site-packages\aiogram\dispatcher\event\telegram.py", line 121, in trigger
    return await wrapped_inner(event, kwargs)
           ^^^^^^^^^^^^^^^^^^^^^^^^^^^^^^^^^^
  File "D:\Empire_Turon_maf_Bot\emp_bot\Empire\middlewares\floot.py", line 93, in __call__
    return await handler(event, data)
           ^^^^^^^^^^^^^^^^^^^^^^^^^^
  File "D:\Empire_Turon_maf_Bot\emp_bot\Empire\middlewares\manager.py", line 250, in __call__
    return await handler(event, data)
           ^^^^^^^^^^^^^^^^^^^^^^^^^^
  File "D:\Python\eski_versiya\Lib\site-packages\aiogram\dispatcher\event\handler.py", line 43, in call
    return await wrapped()
           ^^^^^^^^^^^^^^^
  File "D:\Empire_Turon_maf_Bot\emp_bot\Empire\handlers\other_handlers.py", line 75, in f
    await others.get_profile(bot, message)
          ^^^^^^^^^^^^^^^^^^
AttributeError: module 'utils.others' has no attribute 'get_profile'
2026-09-30 23:03:44,231 - INFO - Update id=370589498 is not handled. Duration 405 ms by bot id=8884302733
2026-09-30 23:03:44,233 - ERROR - Cause exception while process update id=370589498 by bot id=8884302733
AttributeError: module 'utils.others' has no attribute 'get_roles_text'
Traceback (most recent call last):
  File "D:\Python\eski_versiya\Lib\site-packages\aiogram\dispatcher\dispatcher.py", line 309, in _process_update
    response = await self.feed_update(bot, update, **kwargs)
               ^^^^^^^^^^^^^^^^^^^^^^^^^^^^^^^^^^^^^^^^^^^^^
  File "D:\Python\eski_versiya\Lib\site-packages\aiogram\dispatcher\dispatcher.py", line 158, in feed_update
    response = await self.update.wrap_outer_middleware(
               ^^^^^^^^^^^^^^^^^^^^^^^^^^^^^^^^^^^^^^^^
  File "D:\Python\eski_versiya\Lib\site-packages\aiogram\dispatcher\middlewares\error.py", line 25, in __call__
    return await handler(event, data)
           ^^^^^^^^^^^^^^^^^^^^^^^^^^
  File "D:\Python\eski_versiya\Lib\site-packages\aiogram\dispatcher\middlewares\user_context.py", line 56, in __call__
    return await handler(event, data)
           ^^^^^^^^^^^^^^^^^^^^^^^^^^
  File "D:\Python\eski_versiya\Lib\site-packages\aiogram\fsm\middleware.py", line 42, in __call__
    return await handler(event, data)
           ^^^^^^^^^^^^^^^^^^^^^^^^^^
  File "D:\Python\eski_versiya\Lib\site-packages\aiogram\dispatcher\event\telegram.py", line 121, in trigger
    return await wrapped_inner(event, kwargs)
           ^^^^^^^^^^^^^^^^^^^^^^^^^^^^^^^^^^
  File "D:\Python\eski_versiya\Lib\site-packages\aiogram\dispatcher\event\handler.py", line 43, in call
    return await wrapped()
           ^^^^^^^^^^^^^^^
  File "D:\Python\eski_versiya\Lib\site-packages\aiogram\dispatcher\dispatcher.py", line 276, in _listen_update
    return await self.propagate_event(update_type=update_type, event=event, **kwargs)
           ^^^^^^^^^^^^^^^^^^^^^^^^^^^^^^^^^^^^^^^^^^^^^^^^^^^^^^^^^^^^^^^^^^^^^^^^^^
  File "D:\Python\eski_versiya\Lib\site-packages\aiogram\dispatcher\router.py", line 146, in propagate_event
    return await observer.wrap_outer_middleware(_wrapped, event=event, data=kwargs)
           ^^^^^^^^^^^^^^^^^^^^^^^^^^^^^^^^^^^^^^^^^^^^^^^^^^^^^^^^^^^^^^^^^^^^^^^^
  File "D:\Empire_Turon_maf_Bot\emp_bot\Empire\bot.py", line 75, in log_all_messages
    return await handler(event, data)
           ^^^^^^^^^^^^^^^^^^^^^^^^^^
  File "D:\Python\eski_versiya\Lib\site-packages\aiogram\dispatcher\router.py", line 141, in _wrapped
    return await self._propagate_event(
           ^^^^^^^^^^^^^^^^^^^^^^^^^^^^
  File "D:\Python\eski_versiya\Lib\site-packages\aiogram\dispatcher\router.py", line 174, in _propagate_event
    response = await router.propagate_event(update_type=update_type, event=event, **kwargs)
               ^^^^^^^^^^^^^^^^^^^^^^^^^^^^^^^^^^^^^^^^^^^^^^^^^^^^^^^^^^^^^^^^^^^^^^^^^^^^
  File "D:\Python\eski_versiya\Lib\site-packages\aiogram\dispatcher\router.py", line 146, in propagate_event
    return await observer.wrap_outer_middleware(_wrapped, event=event, data=kwargs)
           ^^^^^^^^^^^^^^^^^^^^^^^^^^^^^^^^^^^^^^^^^^^^^^^^^^^^^^^^^^^^^^^^^^^^^^^^
  File "D:\Python\eski_versiya\Lib\site-packages\aiogram\dispatcher\router.py", line 141, in _wrapped
    return await self._propagate_event(
           ^^^^^^^^^^^^^^^^^^^^^^^^^^^^
  File "D:\Python\eski_versiya\Lib\site-packages\aiogram\dispatcher\router.py", line 174, in _propagate_event
    response = await router.propagate_event(update_type=update_type, event=event, **kwargs)
               ^^^^^^^^^^^^^^^^^^^^^^^^^^^^^^^^^^^^^^^^^^^^^^^^^^^^^^^^^^^^^^^^^^^^^^^^^^^^
  File "D:\Python\eski_versiya\Lib\site-packages\aiogram\dispatcher\router.py", line 146, in propagate_event
    return await observer.wrap_outer_middleware(_wrapped, event=event, data=kwargs)
           ^^^^^^^^^^^^^^^^^^^^^^^^^^^^^^^^^^^^^^^^^^^^^^^^^^^^^^^^^^^^^^^^^^^^^^^^
  File "D:\Python\eski_versiya\Lib\site-packages\aiogram\dispatcher\router.py", line 141, in _wrapped
    return await self._propagate_event(
           ^^^^^^^^^^^^^^^^^^^^^^^^^^^^
  File "D:\Python\eski_versiya\Lib\site-packages\aiogram\dispatcher\router.py", line 166, in _propagate_event
    response = await observer.trigger(event, **kwargs)
               ^^^^^^^^^^^^^^^^^^^^^^^^^^^^^^^^^^^^^^^
  File "D:\Python\eski_versiya\Lib\site-packages\aiogram\dispatcher\event\telegram.py", line 121, in trigger
    return await wrapped_inner(event, kwargs)
           ^^^^^^^^^^^^^^^^^^^^^^^^^^^^^^^^^^
  File "D:\Empire_Turon_maf_Bot\emp_bot\Empire\middlewares\floot.py", line 93, in __call__
    return await handler(event, data)
           ^^^^^^^^^^^^^^^^^^^^^^^^^^
  File "D:\Empire_Turon_maf_Bot\emp_bot\Empire\middlewares\manager.py", line 250, in __call__
    return await handler(event, data)
           ^^^^^^^^^^^^^^^^^^^^^^^^^^
  File "D:\Python\eski_versiya\Lib\site-packages\aiogram\dispatcher\event\handler.py", line 43, in call
    return await wrapped()
           ^^^^^^^^^^^^^^^
  File "D:\Empire_Turon_maf_Bot\emp_bot\Empire\handlers\other_handlers.py", line 230, in f
    await others.get_roles_text(message)
          ^^^^^^^^^^^^^^^^^^^^^
AttributeError: module 'utils.others' has no attribute 'get_roles_text'
2026-09-30 23:45:08,062 - WARNING - NFT katalog avto-sinxronlash xato: unable to open database file
2026-10-01 00:11:06,961 - ERROR - Failed to fetch updates - TelegramNetworkError: HTTP Client says - Request timeout error
2026-10-01 00:11:06,965 - WARNING - Sleep for 1.000000 seconds and try again... (tryings = 0, bot id = 8884302733)
2026-10-01 00:11:18,304 - INFO - Connection established (tryings = 1, bot id = 8884302733)
2026-10-01 00:45:08,099 - WARNING - NFT katalog avto-sinxronlash xato: unable to open database file
2026-10-01 00:53:08,560 - INFO - Failed to load SSL library: <class 'OSError'> (no library called "ssl" found)
2026-10-01 00:53:08,562 - INFO - cryptg module not installed and libssl not found, falling back to (slower) Python encryption
2026-10-01 00:53:08,883 - WARNING - NFT katalog avto-sinxronlash xato: unable to open database file
2026-10-01 00:53:13,171 - INFO - Bot POLLING rejimida ishga tushdi...
2026-10-01 00:54:17,948 - INFO - Polling stopped
2026-10-01 00:54:17,966 - ERROR - Failed to fetch updates - TelegramNetworkError: HTTP Client says - ServerDisconnectedError: Server disconnected
2026-10-01 00:54:17,966 - WARNING - Sleep for 1.000000 seconds and try again... (tryings = 0, bot id = 8884302733)
2026-10-01 00:54:18,239 - INFO - Polling stopped for bot @test_empire_bot id=8884302733 - 'emp test'
2026-10-01 00:54:33,038 - INFO - Failed to load SSL library: <class 'OSError'> (no library called "ssl" found)
2026-10-01 00:54:33,040 - INFO - cryptg module not installed and libssl not found, falling back to (slower) Python encryption
2026-10-01 00:54:33,220 - WARNING - NFT katalog avto-sinxronlash xato: unable to open database file
2026-10-01 00:54:37,490 - INFO - Bot POLLING rejimida ishga tushdi...
2026-10-01 00:54:37,493 - INFO - Webapp serveri 127.0.0.1:8000 da ishga tushdi
2026-10-01 00:54:37,494 - INFO - Start polling
2026-10-01 00:54:37,612 - INFO - Run polling for bot @test_empire_bot id=8884302733 - 'emp test'
2026-10-01 00:54:51,487 - INFO - RECEIVED MESSAGE: /start from 8765051736 in chat 8765051736
2026-10-01 00:54:51,990 - INFO - Update id=370589500 is handled. Duration 500 ms by bot id=8884302733
2026-10-01 00:57:27,464 - INFO - RECEIVED MESSAGE: None from 8765051736 in chat -5391124410
2026-10-01 00:57:27,472 - INFO - Update id=370589501 is not handled. Duration 0 ms by bot id=8884302733
2026-10-01 00:57:43,120 - INFO - RECEIVED MESSAGE: /game@test_empire_bot from 8765051736 in chat -5391124410
2026-10-01 00:57:44,497 - INFO - Update id=370589502 is handled. Duration 1375 ms by bot id=8884302733
2026-10-01 00:57:44,505 - INFO - RECEIVED MESSAGE: None from 8884302733 in chat -5391124410
2026-10-01 00:57:44,636 - INFO - Update id=370589503 is not handled. Duration 141 ms by bot id=8884302733
2026-10-01 01:00:18,270 - INFO - Polling stopped
2026-10-01 01:00:18,273 - ERROR - Failed to fetch updates - TelegramNetworkError: HTTP Client says - ServerDisconnectedError: Server disconnected
2026-10-01 01:00:18,274 - WARNING - Sleep for 1.000000 seconds and try again... (tryings = 0, bot id = 8884302733)
2026-10-01 01:00:18,534 - INFO - Polling stopped for bot @test_empire_bot id=8884302733 - 'emp test'
2026-10-01 01:01:28,116 - INFO - Failed to load SSL library: <class 'OSError'> (no library called "ssl" found)
2026-10-01 01:01:28,117 - INFO - cryptg module not installed and libssl not found, falling back to (slower) Python encryption
2026-10-01 01:01:28,285 - WARNING - NFT katalog avto-sinxronlash xato: unable to open database file
2026-10-01 01:01:32,597 - INFO - Bot POLLING rejimida ishga tushdi...
2026-10-01 01:01:32,601 - INFO - Webapp serveri 127.0.0.1:8000 da ishga tushdi
2026-10-01 01:01:32,602 - INFO - Start polling
2026-10-01 01:01:32,713 - INFO - Run polling for bot @test_empire_bot id=8884302733 - 'emp test'
2026-10-01 01:01:38,017 - INFO - RECEIVED MESSAGE: /game@test_empire_bot from 8765051736 in chat -5391124410
2026-10-01 01:01:39,247 - INFO - RECEIVED MESSAGE: None from 8884302733 in chat -5391124410
2026-10-01 01:01:39,252 - INFO - Update id=370589505 is handled. Duration 1233 ms by bot id=8884302733
2026-10-01 01:01:39,377 - INFO - Update id=370589506 is not handled. Duration 125 ms by bot id=8884302733
2026-10-01 01:01:40,691 - INFO - RECEIVED MESSAGE: /start game_1 from 8765051736 in chat 8765051736
2026-10-01 01:01:40,957 - INFO - Update id=370589507 is not handled. Duration 265 ms by bot id=8884302733
2026-10-01 01:01:40,959 - ERROR - Cause exception while process update id=370589507 by bot id=8884302733
NameError: name 'html' is not defined
Traceback (most recent call last):
  File "D:\Python\eski_versiya\Lib\site-packages\aiogram\dispatcher\dispatcher.py", line 309, in _process_update
    response = await self.feed_update(bot, update, **kwargs)
               ^^^^^^^^^^^^^^^^^^^^^^^^^^^^^^^^^^^^^^^^^^^^^
  File "D:\Python\eski_versiya\Lib\site-packages\aiogram\dispatcher\dispatcher.py", line 158, in feed_update
    response = await self.update.wrap_outer_middleware(
               ^^^^^^^^^^^^^^^^^^^^^^^^^^^^^^^^^^^^^^^^
  File "D:\Python\eski_versiya\Lib\site-packages\aiogram\dispatcher\middlewares\error.py", line 25, in __call__
    return await handler(event, data)
           ^^^^^^^^^^^^^^^^^^^^^^^^^^
  File "D:\Python\eski_versiya\Lib\site-packages\aiogram\dispatcher\middlewares\user_context.py", line 56, in __call__
    return await handler(event, data)
           ^^^^^^^^^^^^^^^^^^^^^^^^^^
  File "D:\Python\eski_versiya\Lib\site-packages\aiogram\fsm\middleware.py", line 42, in __call__
    return await handler(event, data)
           ^^^^^^^^^^^^^^^^^^^^^^^^^^
  File "D:\Python\eski_versiya\Lib\site-packages\aiogram\dispatcher\event\telegram.py", line 121, in trigger
    return await wrapped_inner(event, kwargs)
           ^^^^^^^^^^^^^^^^^^^^^^^^^^^^^^^^^^
  File "D:\Python\eski_versiya\Lib\site-packages\aiogram\dispatcher\event\handler.py", line 43, in call
    return await wrapped()
           ^^^^^^^^^^^^^^^
  File "D:\Python\eski_versiya\Lib\site-packages\aiogram\dispatcher\dispatcher.py", line 276, in _listen_update
    return await self.propagate_event(update_type=update_type, event=event, **kwargs)
           ^^^^^^^^^^^^^^^^^^^^^^^^^^^^^^^^^^^^^^^^^^^^^^^^^^^^^^^^^^^^^^^^^^^^^^^^^^
  File "D:\Python\eski_versiya\Lib\site-packages\aiogram\dispatcher\router.py", line 146, in propagate_event
    return await observer.wrap_outer_middleware(_wrapped, event=event, data=kwargs)
           ^^^^^^^^^^^^^^^^^^^^^^^^^^^^^^^^^^^^^^^^^^^^^^^^^^^^^^^^^^^^^^^^^^^^^^^^
  File "D:\Empire_Turon_maf_Bot\emp_bot\Empire\bot.py", line 75, in log_all_messages
    return await handler(event, data)
           ^^^^^^^^^^^^^^^^^^^^^^^^^^
  File "D:\Python\eski_versiya\Lib\site-packages\aiogram\dispatcher\router.py", line 141, in _wrapped
    return await self._propagate_event(
           ^^^^^^^^^^^^^^^^^^^^^^^^^^^^
  File "D:\Python\eski_versiya\Lib\site-packages\aiogram\dispatcher\router.py", line 174, in _propagate_event
    response = await router.propagate_event(update_type=update_type, event=event, **kwargs)
               ^^^^^^^^^^^^^^^^^^^^^^^^^^^^^^^^^^^^^^^^^^^^^^^^^^^^^^^^^^^^^^^^^^^^^^^^^^^^
  File "D:\Python\eski_versiya\Lib\site-packages\aiogram\dispatcher\router.py", line 146, in propagate_event
    return await observer.wrap_outer_middleware(_wrapped, event=event, data=kwargs)
           ^^^^^^^^^^^^^^^^^^^^^^^^^^^^^^^^^^^^^^^^^^^^^^^^^^^^^^^^^^^^^^^^^^^^^^^^
  File "D:\Python\eski_versiya\Lib\site-packages\aiogram\dispatcher\router.py", line 141, in _wrapped
    return await self._propagate_event(
           ^^^^^^^^^^^^^^^^^^^^^^^^^^^^
  File "D:\Python\eski_versiya\Lib\site-packages\aiogram\dispatcher\router.py", line 174, in _propagate_event
    response = await router.propagate_event(update_type=update_type, event=event, **kwargs)
               ^^^^^^^^^^^^^^^^^^^^^^^^^^^^^^^^^^^^^^^^^^^^^^^^^^^^^^^^^^^^^^^^^^^^^^^^^^^^
  File "D:\Python\eski_versiya\Lib\site-packages\aiogram\dispatcher\router.py", line 146, in propagate_event
    return await observer.wrap_outer_middleware(_wrapped, event=event, data=kwargs)
           ^^^^^^^^^^^^^^^^^^^^^^^^^^^^^^^^^^^^^^^^^^^^^^^^^^^^^^^^^^^^^^^^^^^^^^^^
  File "D:\Python\eski_versiya\Lib\site-packages\aiogram\dispatcher\router.py", line 141, in _wrapped
    return await self._propagate_event(
           ^^^^^^^^^^^^^^^^^^^^^^^^^^^^
  File "D:\Python\eski_versiya\Lib\site-packages\aiogram\dispatcher\router.py", line 166, in _propagate_event
    response = await observer.trigger(event, **kwargs)
               ^^^^^^^^^^^^^^^^^^^^^^^^^^^^^^^^^^^^^^^
  File "D:\Python\eski_versiya\Lib\site-packages\aiogram\dispatcher\event\telegram.py", line 121, in trigger
    return await wrapped_inner(event, kwargs)
           ^^^^^^^^^^^^^^^^^^^^^^^^^^^^^^^^^^
  File "D:\Empire_Turon_maf_Bot\emp_bot\Empire\middlewares\floot.py", line 93, in __call__
    return await handler(event, data)
           ^^^^^^^^^^^^^^^^^^^^^^^^^^
  File "D:\Empire_Turon_maf_Bot\emp_bot\Empire\middlewares\manager.py", line 250, in __call__
    return await handler(event, data)
           ^^^^^^^^^^^^^^^^^^^^^^^^^^
  File "D:\Python\eski_versiya\Lib\site-packages\aiogram\dispatcher\event\handler.py", line 43, in call
    return await wrapped()
           ^^^^^^^^^^^^^^^
  File "D:\Empire_Turon_maf_Bot\emp_bot\Empire\handlers\game.py", line 53, in f
    await join_game_handler_wrapper(message, bot, state=state)
  File "D:\Empire_Turon_maf_Bot\emp_bot\Empire\utils\redis_game\handler_wrappers.py", line 53, in join_game_handler_wrapper
    return await join_game_handler(message, bot, state)
           ^^^^^^^^^^^^^^^^^^^^^^^^^^^^^^^^^^^^^^^^^^^^
  File "D:\Empire_Turon_maf_Bot\emp_bot\Empire\utils\redis_game\handlers.py", line 235, in join_game_handler_redis
    await _join_game_handler_redis_core(message, bot, state)
  File "D:\Empire_Turon_maf_Bot\emp_bot\Empire\utils\redis_game\handlers.py", line 220, in _join_game_handler_redis_core
    await update_players_list_redis(game_id, bot)
  File "D:\Empire_Turon_maf_Bot\emp_bot\Empire\utils\redis_game\handlers.py", line 283, in update_players_list_redis
    clean_name = html.escape((user.full_name if user and user.full_name else player.first_name) or "O'yinchi")
                 ^^^^
NameError: name 'html' is not defined
2026-10-01 01:03:23,018 - INFO - Polling stopped
2026-10-01 01:03:23,019 - ERROR - Failed to fetch updates - TelegramNetworkError: HTTP Client says - ServerDisconnectedError: Server disconnected
2026-10-01 01:03:23,020 - WARNING - Sleep for 1.000000 seconds and try again... (tryings = 0, bot id = 8884302733)
2026-10-01 01:03:23,284 - INFO - Polling stopped for bot @test_empire_bot id=8884302733 - 'emp test'
2026-10-01 01:03:34,084 - INFO - Failed to load SSL library: <class 'OSError'> (no library called "ssl" found)
2026-10-01 01:03:34,085 - INFO - cryptg module not installed and libssl not found, falling back to (slower) Python encryption
2026-10-01 01:03:34,363 - WARNING - NFT katalog avto-sinxronlash xato: unable to open database file
2026-10-01 01:03:38,623 - INFO - Bot POLLING rejimida ishga tushdi...
2026-10-01 01:03:38,627 - INFO - Webapp serveri 127.0.0.1:8000 da ishga tushdi
2026-10-01 01:03:38,628 - INFO - Start polling
2026-10-01 01:03:38,741 - INFO - Run polling for bot @test_empire_bot id=8884302733 - 'emp test'
2026-10-01 01:03:40,554 - INFO - RECEIVED MESSAGE: /game@test_empire_bot from 8765051736 in chat -5391124410
2026-10-01 01:03:41,725 - INFO - Update id=370589508 is handled. Duration 1171 ms by bot id=8884302733
2026-10-01 01:03:41,741 - INFO - RECEIVED MESSAGE: None from 8884302733 in chat -5391124410
2026-10-01 01:03:41,879 - INFO - Update id=370589509 is not handled. Duration 139 ms by bot id=8884302733
2026-10-01 01:03:46,364 - INFO - RECEIVED MESSAGE: /start game_1 from 8765051736 in chat 8765051736
2026-10-01 01:03:46,771 - INFO - Update id=370589510 is handled. Duration 406 ms by bot id=8884302733
2026-10-01 01:05:16,876 - INFO - RECEIVED MESSAGE: None from 1087968824 in chat -1003775265731
2026-10-01 01:05:16,877 - INFO - RECEIVED MESSAGE: None from 8765051736 in chat -5391124410
2026-10-01 01:05:17,303 - INFO - Update id=370589511 is not handled. Duration 422 ms by bot id=8884302733
2026-10-01 01:05:17,464 - INFO - Update id=370589512 is not handled. Duration 594 ms by bot id=8884302733
2026-10-01 01:05:17,465 - ERROR - Cause exception while process update id=370589512 by bot id=8884302733
TelegramMigrateToChat: Telegram server says - The group has been migrated to a supergroup with id -1003775265731 from -5391124410
Original description: Bad Request: group chat was upgraded to a supergroup chat
(background on this error at: https://core.telegram.org/bots/api#responseparameters)
Traceback (most recent call last):
  File "D:\Empire_Turon_maf_Bot\emp_bot\Empire\filters\more.py", line 174, in __call__
    member = await message.bot.get_chat_member(
             ^^^^^^^^^^^^^^^^^^^^^^^^^^^^^^^^^^
  File "D:\Python\eski_versiya\Lib\site-packages\aiogram\client\bot.py", line 1636, in get_chat_member
    return await self(call, request_timeout=request_timeout)
           ^^^^^^^^^^^^^^^^^^^^^^^^^^^^^^^^^^^^^^^^^^^^^^^^^
  File "D:\Python\eski_versiya\Lib\site-packages\aiogram\client\bot.py", line 482, in __call__
    return await self.session(self, method, timeout=request_timeout)
           ^^^^^^^^^^^^^^^^^^^^^^^^^^^^^^^^^^^^^^^^^^^^^^^^^^^^^^^^^
  File "D:\Python\eski_versiya\Lib\site-packages\aiogram\client\session\base.py", line 254, in __call__
    return cast(TelegramType, await middleware(bot, method))
                              ^^^^^^^^^^^^^^^^^^^^^^^^^^^^^
  File "D:\Python\eski_versiya\Lib\site-packages\aiogram\client\session\aiohttp.py", line 185, in make_request
    response = self.check_response(
               ^^^^^^^^^^^^^^^^^^^^
  File "D:\Python\eski_versiya\Lib\site-packages\aiogram\client\session\base.py", line 114, in check_response
    raise TelegramMigrateToChat(
aiogram.exceptions.TelegramMigrateToChat: Telegram server says - The group has been migrated to a supergroup with id -1003775265731 from -5391124410
Original description: Bad Request: group chat was upgraded to a supergroup chat
(background on this error at: https://core.telegram.org/bots/api#responseparameters)

During handling of the above exception, another exception occurred:

Traceback (most recent call last):
  File "D:\Python\eski_versiya\Lib\site-packages\aiogram\dispatcher\dispatcher.py", line 309, in _process_update
    response = await self.feed_update(bot, update, **kwargs)
               ^^^^^^^^^^^^^^^^^^^^^^^^^^^^^^^^^^^^^^^^^^^^^
  File "D:\Python\eski_versiya\Lib\site-packages\aiogram\dispatcher\dispatcher.py", line 158, in feed_update
    response = await self.update.wrap_outer_middleware(
               ^^^^^^^^^^^^^^^^^^^^^^^^^^^^^^^^^^^^^^^^
  File "D:\Python\eski_versiya\Lib\site-packages\aiogram\dispatcher\middlewares\error.py", line 25, in __call__
    return await handler(event, data)
           ^^^^^^^^^^^^^^^^^^^^^^^^^^
  File "D:\Python\eski_versiya\Lib\site-packages\aiogram\dispatcher\middlewares\user_context.py", line 56, in __call__
    return await handler(event, data)
           ^^^^^^^^^^^^^^^^^^^^^^^^^^
  File "D:\Python\eski_versiya\Lib\site-packages\aiogram\fsm\middleware.py", line 42, in __call__
    return await handler(event, data)
           ^^^^^^^^^^^^^^^^^^^^^^^^^^
  File "D:\Python\eski_versiya\Lib\site-packages\aiogram\dispatcher\event\telegram.py", line 121, in trigger
    return await wrapped_inner(event, kwargs)
           ^^^^^^^^^^^^^^^^^^^^^^^^^^^^^^^^^^
  File "D:\Python\eski_versiya\Lib\site-packages\aiogram\dispatcher\event\handler.py", line 43, in call
    return await wrapped()
           ^^^^^^^^^^^^^^^
  File "D:\Python\eski_versiya\Lib\site-packages\aiogram\dispatcher\dispatcher.py", line 276, in _listen_update
    return await self.propagate_event(update_type=update_type, event=event, **kwargs)
           ^^^^^^^^^^^^^^^^^^^^^^^^^^^^^^^^^^^^^^^^^^^^^^^^^^^^^^^^^^^^^^^^^^^^^^^^^^
  File "D:\Python\eski_versiya\Lib\site-packages\aiogram\dispatcher\router.py", line 146, in propagate_event
    return await observer.wrap_outer_middleware(_wrapped, event=event, data=kwargs)
           ^^^^^^^^^^^^^^^^^^^^^^^^^^^^^^^^^^^^^^^^^^^^^^^^^^^^^^^^^^^^^^^^^^^^^^^^
  File "D:\Empire_Turon_maf_Bot\emp_bot\Empire\bot.py", line 75, in log_all_messages
    return await handler(event, data)
           ^^^^^^^^^^^^^^^^^^^^^^^^^^
  File "D:\Python\eski_versiya\Lib\site-packages\aiogram\dispatcher\router.py", line 141, in _wrapped
    return await self._propagate_event(
           ^^^^^^^^^^^^^^^^^^^^^^^^^^^^
  File "D:\Python\eski_versiya\Lib\site-packages\aiogram\dispatcher\router.py", line 174, in _propagate_event
    response = await router.propagate_event(update_type=update_type, event=event, **kwargs)
               ^^^^^^^^^^^^^^^^^^^^^^^^^^^^^^^^^^^^^^^^^^^^^^^^^^^^^^^^^^^^^^^^^^^^^^^^^^^^
  File "D:\Python\eski_versiya\Lib\site-packages\aiogram\dispatcher\router.py", line 146, in propagate_event
    return await observer.wrap_outer_middleware(_wrapped, event=event, data=kwargs)
           ^^^^^^^^^^^^^^^^^^^^^^^^^^^^^^^^^^^^^^^^^^^^^^^^^^^^^^^^^^^^^^^^^^^^^^^^
  File "D:\Python\eski_versiya\Lib\site-packages\aiogram\dispatcher\router.py", line 141, in _wrapped
    return await self._propagate_event(
           ^^^^^^^^^^^^^^^^^^^^^^^^^^^^
  File "D:\Python\eski_versiya\Lib\site-packages\aiogram\dispatcher\router.py", line 174, in _propagate_event
    response = await router.propagate_event(update_type=update_type, event=event, **kwargs)
               ^^^^^^^^^^^^^^^^^^^^^^^^^^^^^^^^^^^^^^^^^^^^^^^^^^^^^^^^^^^^^^^^^^^^^^^^^^^^
  File "D:\Python\eski_versiya\Lib\site-packages\aiogram\dispatcher\router.py", line 146, in propagate_event
    return await observer.wrap_outer_middleware(_wrapped, event=event, data=kwargs)
           ^^^^^^^^^^^^^^^^^^^^^^^^^^^^^^^^^^^^^^^^^^^^^^^^^^^^^^^^^^^^^^^^^^^^^^^^
  File "D:\Python\eski_versiya\Lib\site-packages\aiogram\dispatcher\router.py", line 141, in _wrapped
    return await self._propagate_event(
           ^^^^^^^^^^^^^^^^^^^^^^^^^^^^
  File "D:\Python\eski_versiya\Lib\site-packages\aiogram\dispatcher\router.py", line 166, in _propagate_event
    response = await observer.trigger(event, **kwargs)
               ^^^^^^^^^^^^^^^^^^^^^^^^^^^^^^^^^^^^^^^
  File "D:\Python\eski_versiya\Lib\site-packages\aiogram\dispatcher\event\telegram.py", line 113, in trigger
    result, data = await handler.check(event, **kwargs)
                   ^^^^^^^^^^^^^^^^^^^^^^^^^^^^^^^^^^^^
  File "D:\Python\eski_versiya\Lib\site-packages\aiogram\dispatcher\event\handler.py", line 90, in check
    check = await event_filter.call(*args, **kwargs)
            ^^^^^^^^^^^^^^^^^^^^^^^^^^^^^^^^^^^^^^^^
  File "D:\Python\eski_versiya\Lib\site-packages\aiogram\dispatcher\event\handler.py", line 43, in call
    return await wrapped()
           ^^^^^^^^^^^^^^^
  File "D:\Empire_Turon_maf_Bot\emp_bot\Empire\filters\more.py", line 180, in __call__
    await message.answer(
  File "D:\Python\eski_versiya\Lib\site-packages\aiogram\methods\base.py", line 84, in emit
    return await bot(self)
           ^^^^^^^^^^^^^^^
  File "D:\Python\eski_versiya\Lib\site-packages\aiogram\client\bot.py", line 482, in __call__
    return await self.session(self, method, timeout=request_timeout)
           ^^^^^^^^^^^^^^^^^^^^^^^^^^^^^^^^^^^^^^^^^^^^^^^^^^^^^^^^^
  File "D:\Python\eski_versiya\Lib\site-packages\aiogram\client\session\base.py", line 254, in __call__
    return cast(TelegramType, await middleware(bot, method))
                              ^^^^^^^^^^^^^^^^^^^^^^^^^^^^^
  File "D:\Python\eski_versiya\Lib\site-packages\aiogram\client\session\aiohttp.py", line 185, in make_request
    response = self.check_response(
               ^^^^^^^^^^^^^^^^^^^^
  File "D:\Python\eski_versiya\Lib\site-packages\aiogram\client\session\base.py", line 114, in check_response
    raise TelegramMigrateToChat(
aiogram.exceptions.TelegramMigrateToChat: Telegram server says - The group has been migrated to a supergroup with id -1003775265731 from -5391124410
Original description: Bad Request: group chat was upgraded to a supergroup chat
(background on this error at: https://core.telegram.org/bots/api#responseparameters)
2026-10-01 01:36:31,765 - INFO - Failed to load SSL library: <class 'OSError'> (no library called "ssl" found)
2026-10-01 01:36:31,767 - INFO - cryptg module not installed and libssl not found, falling back to (slower) Python encryption
2026-10-01 01:36:32,016 - WARNING - NFT katalog avto-sinxronlash xato: unable to open database file
2026-10-01 01:36:33,176 - INFO - Polling stopped
2026-10-01 01:36:33,216 - ERROR - Failed to fetch updates - TelegramNetworkError: HTTP Client says - ServerDisconnectedError: Server disconnected
2026-10-01 01:36:33,218 - WARNING - Sleep for 1.000000 seconds and try again... (tryings = 0, bot id = 8884302733)
2026-10-01 01:36:33,486 - INFO - Polling stopped for bot @test_empire_bot id=8884302733 - 'emp test'
2026-10-01 01:36:36,339 - INFO - Bot POLLING rejimida ishga tushdi...
2026-10-01 01:36:36,349 - INFO - Webapp serveri 127.0.0.1:8000 da ishga tushdi
2026-10-01 01:36:36,350 - INFO - Start polling
2026-10-01 01:36:36,459 - INFO - Run polling for bot @test_empire_bot id=8884302733 - 'emp test'
2026-10-01 01:36:57,697 - INFO - Failed to load SSL library: <class 'OSError'> (no library called "ssl" found)
2026-10-01 01:36:57,697 - INFO - cryptg module not installed and libssl not found, falling back to (slower) Python encryption
2026-10-01 01:36:57,873 - WARNING - NFT katalog avto-sinxronlash xato: unable to open database file
2026-10-01 01:37:02,142 - INFO - Bot POLLING rejimida ishga tushdi...
2026-10-01 01:37:12,191 - INFO - RECEIVED MESSAGE: /start from 8765051736 in chat 8765051736
2026-10-01 01:37:12,685 - INFO - Update id=370589513 is handled. Duration 500 ms by bot id=8884302733
2026-10-01 01:39:50,887 - INFO - Update id=370589514 is handled. Duration 172 ms by bot id=8884302733
2026-10-01 01:39:59,242 - INFO - RECEIVED MESSAGE: /start from 8765051736 in chat 8765051736
2026-10-01 01:39:59,402 - INFO - Update id=370589515 is handled. Duration 172 ms by bot id=8884302733
2026-10-01 02:23:09,793 - ERROR - Failed to fetch updates - TelegramConflictError: Telegram server says - Conflict: terminated by other getUpdates request; make sure that only one bot instance is running
2026-10-01 02:23:09,805 - WARNING - Sleep for 1.000000 seconds and try again... (tryings = 0, bot id = 8884302733)
2026-10-01 02:23:15,086 - ERROR - Failed to fetch updates - TelegramConflictError: Telegram server says - Conflict: terminated by other getUpdates request; make sure that only one bot instance is running
2026-10-01 02:23:15,087 - WARNING - Sleep for 1.223361 seconds and try again... (tryings = 1, bot id = 8884302733)
2026-10-01 02:23:20,782 - ERROR - Failed to fetch updates - TelegramConflictError: Telegram server says - Conflict: terminated by other getUpdates request; make sure that only one bot instance is running
2026-10-01 02:23:20,782 - WARNING - Sleep for 1.744657 seconds and try again... (tryings = 2, bot id = 8884302733)
2026-10-01 02:23:27,264 - ERROR - Failed to fetch updates - TelegramConflictError: Telegram server says - Conflict: terminated by other getUpdates request; make sure that only one bot instance is running
2026-10-01 02:23:27,265 - WARNING - Sleep for 2.201459 seconds and try again... (tryings = 3, bot id = 8884302733)
2026-10-01 02:23:31,303 - INFO - Connection established (tryings = 4, bot id = 8884302733)
2026-10-01 02:23:31,316 - INFO - RECEIVED MESSAGE: /start from 8765051736 in chat 8765051736
2026-10-01 02:23:31,615 - INFO - Update id=370589516 is handled. Duration 296 ms by bot id=8884302733
2026-10-01 02:23:34,665 - ERROR - Failed to fetch updates - TelegramConflictError: Telegram server says - Conflict: terminated by other getUpdates request; make sure that only one bot instance is running
2026-10-01 02:23:34,666 - WARNING - Sleep for 1.000000 seconds and try again... (tryings = 0, bot id = 8884302733)
2026-10-01 02:23:41,494 - ERROR - Failed to fetch updates - TelegramConflictError: Telegram server says - Conflict: terminated by other getUpdates request; make sure that only one bot instance is running
2026-10-01 02:23:41,495 - WARNING - Sleep for 1.387435 seconds and try again... (tryings = 1, bot id = 8884302733)
2026-10-01 02:23:49,402 - ERROR - Failed to fetch updates - TelegramConflictError: Telegram server says - Conflict: terminated by other getUpdates request; make sure that only one bot instance is running
2026-10-01 02:23:49,404 - WARNING - Sleep for 1.769038 seconds and try again... (tryings = 2, bot id = 8884302733)
2026-10-01 02:23:58,778 - ERROR - Failed to fetch updates - TelegramConflictError: Telegram server says - Conflict: terminated by other getUpdates request; make sure that only one bot instance is running
2026-10-01 02:23:58,779 - WARNING - Sleep for 2.385755 seconds and try again... (tryings = 3, bot id = 8884302733)
2026-10-01 02:24:09,490 - ERROR - Failed to fetch updates - TelegramConflictError: Telegram server says - Conflict: terminated by other getUpdates request; make sure that only one bot instance is running
2026-10-01 02:24:09,491 - WARNING - Sleep for 3.108959 seconds and try again... (tryings = 4, bot id = 8884302733)
